k 	 samples 	 personas 	 tK 	 tTodos 	 tCentro 	 hitsTodos 	 hitsCentro 		k 	 samples 	 personas 	 tK 	 tTodos 	 tCentro 	 hitsTodos 	 hitsCentro 		k 	 samples 	 personas 	 tK 	 tTodos 	 tCentro 	 hitsTodos 	 hitsCentro 		k 	 samples 	 personas 	 tK 	 tTodos 	 tCentro 	 hitsTodos 	 hitsCentro 		k 	 samples 	 personas 	 tK 	 tTodos 	 tCentro 	 hitsTodos 	 hitsCentro 		k 	 samples 	 personas 	 tK 	 tTodos 	 tCentro 	 hitsTodos 	 hitsCentro 		k 	 samples 	 personas 	 tK 	 tTodos 	 tCentro 	 hitsTodos 	 hitsCentro 		k 	 samples 	 personas 	 tK 	 tTodos 	 tCentro 	 hitsTodos 	 hitsCentro 		k 	 samples 	 personas 	 tK 	 tTodos 	 tCentro 	 hitsTodos 	 hitsCentro 		k 	 samples 	 personas 	 tK 	 tTodos 	 tCentro 	 hitsTodos 	 hitsCentro 		k 	 samples 	 personas 	 tK 	 tTodos 	 tCentro 	 hitsTodos 	 hitsCentro 		k 	 samples 	 personas 	 tK 	 tTodos 	 tCentro 	 hitsTodos 	 hitsCentro 		k 	 samples 	 personas 	 tK 	 tTodos 	 tCentro 	 hitsTodos 	 hitsCentro 		k 	 samples 	 personas 	 tK 	 tTodos 	 tCentro 	 hitsTodos 	 hitsCentro 		k 	 samples 	 personas 	 tK 	 tTodos 	 tCentro 	 hitsTodos 	 hitsCentro 		k 	 samples 	 personas 	 tK 	 tTodos 	 tCentro 	 hitsTodos 	 hitsCentro 		k 	 samples 	 personas 	 tK 	 tTodos 	 tCentro 	 hitsTodos 	 hitsCentro 		k 	 samples 	 personas 	 tK 	 tTodos 	 tCentro 	 hitsTodos 	 hitsCentro 
1	10	11	2.62341	0.00228	0.001714	1	0.0909091		1	10	21	2.33369	0.005529	0.003319	1	0.0952381		1	10	41	4.23736	0.016246	0.00727	1	0.0731707		1	1	11	1.32056	0.000586	0.000606	0.272727	0.272727		1	1	21	0.771226	0.001277	0.001305	0.0952381	0.0952381		1	1	41	0.825118	0.002943	0.003016	0.121951	0.121951		1	3	11	1.34589	0.000973	0.000868	0.0909091	0.272727		1	3	21	1.14364	0.002261	0.001774	0.0952381	0		1	3	41	1.39367	0.005887	0.003951	0.0487805	0		1	5	11	1.54165	0.001351	0.001121	0	0.0909091		1	5	21	1.17068	0.003191	0.002199	0.142857	0.0952381		1	5	41	1.98591	0.008774	0.004826	0	0.0487805		1	7	11	2.78963	0.001768	0.001405	0	0.0909091		1	7	21	1.59395	0.004151	0.002656	0	0		1	7	41	2.85601	0.011694	0.00575	0	0.0487805		1	9	11	2.35118	0.002221	0.001597	0.272727	0.272727		1	9	21	2.13406	0.005166	0.003177	0.047619	0.142857		1	9	41	3.69998	0.014621	0.006598	0.0487805	0.0243902
2	10	11	3.00087	0.003343	0.002753	1	0		2	10	21	2.66809	0.007778	0.005441	1	0.0952381		2	10	41	4.59876	0.020645	0.011207	1	0.097561		2	1	11	1.74673	0.000792	0.000809	0.181818	0.181818		2	1	21	2.12453	0.001606	0.001638	0.190476	0.190476		2	1	41	1.2272	0.003725	0.003776	0.170732	0.170732		2	3	11	2.18943	0.001337	0.001224	0.545455	0.545455		2	3	21	1.58198	0.003016	0.002554	0.0952381	0		2	3	41	1.80862	0.007441	0.005408	0	0.0243902		2	5	11	1.97381	0.001898	0.001665	0	0.181818		2	5	21	1.5905	0.004382	0.003368	0.0952381	0.0952381		2	5	41	2.3504	0.011196	0.007093	0	0.0731707		2	7	11	3.16084	0.00255	0.002162	0	0.181818		2	7	21	1.94018	0.005694	0.004152	0	0.142857		2	7	41	3.21445	0.014787	0.008653	0	0.0487805		2	9	11	2.708	0.003327	0.002748	0.818182	0.454545		2	9	21	2.45006	0.007173	0.005128	0	0.047619		2	9	41	4.05202	0.01879	0.010461	0	0
3	10	11	4.72485	0.004549	0.003931	1	0.272727		3	10	21	5.49521	0.01006	0.007527	1	0.142857		3	10	41	5.42277	0.025438	0.015598	1	0.097561		3	1	11	3.81717	0.000999	0.001019	0.454545	0.454545		3	1	21	2.66157	0.002019	0.002045	0.238095	0.238095		3	1	41	1.77014	0.00456	0.004623	0.268293	0.268293		3	3	11	3.25264	0.001761	0.001637	0.636364	0.636364		3	3	21	2.81931	0.003838	0.00333	0.285714	0.142857		3	3	41	2.58647	0.009121	0.006983	0.0487805	0.0243902		3	5	11	2.96469	0.002537	0.002279	0.0909091	0.181818		3	5	21	6.45293	0.005586	0.004514	0	0.047619		3	5	41	3.19442	0.013739	0.009376	0.0243902	0.0487805		3	7	11	4.66524	0.004679	0.004291	0.181818	0.181818		3	7	21	5.50007	0.007321	0.005715	0.0952381	0.047619		3	7	41	4.10729	0.018344	0.011727	0	0.0487805		3	9	11	4.32823	0.00445	0.003911	0.727273	0.454545		3	9	21	5.3245	0.009164	0.006981	0	0		3	9	41	4.851	0.02291	0.01409	0.0243902	0.0487805
4	10	11	5.70136	0.005593	0.004965	1	0.181818		4	10	21	7.6254	0.012226	0.009614	1	0.142857		4	10	41	7.41074	0.030111	0.019558	1	0.0731707		4	1	11	4.88135	0.001239	0.001252	0.636364	0.636364		4	1	21	3.88043	0.002433	0.002464	0.380952	0.380952		4	1	41	3.3747	0.005311	0.005373	0.341463	0.341463		4	3	11	3.89964	0.002175	0.002043	0.545455	0.636364		4	3	21	3.71212	0.004585	0.004024	0.380952	0.190476		4	3	41	3.64036	0.010832	0.008535	0.146341	0.0243902		4	5	11	4.61808	0.00316	0.002894	0	0.181818		4	5	21	8.25212	0.006757	0.005655	0	0.047619		4	5	41	4.35599	0.016271	0.01165	0	0.0731707		4	7	11	5.37943	0.00411	0.003703	0.363636	0.272727		4	7	21	9.23083	0.008962	0.00727	0.190476	0.0952381		4	7	41	5.41849	0.021605	0.014703	0.0731707	0.0243902		4	9	11	5.28683	0.005449	0.004831	0.727273	0.454545		4	9	21	7.74561	0.011189	0.008915	0.0952381	0.047619		4	9	41	6.61042	0.027079	0.017878	0.0243902	0.0487805
5	10	11	6.32091	0.006773	0.006128	1	0.181818		5	10	21	8.3614	0.014589	0.011836	1	0.190476		5	10	41	8.05679	0.034988	0.024031	1	0.097561		5	1	11	6.02681	0.001331	0.00135	0.636364	0.636364		5	1	21	4.61316	0.002774	0.002808	0.380952	0.380952		5	1	41	4.18739	0.006142	0.00621	0.292683	0.292683		5	3	11	4.7056	0.002631	0.002496	0.909091	0.818182		5	3	21	4.55431	0.005422	0.00485	0.428571	0.333333		5	3	41	4.32371	0.012478	0.010076	0.0731707	0.0487805		5	5	11	5.05212	0.003816	0.003538	0	0.181818		5	5	21	8.80738	0.007989	0.006842	0.047619	0.047619		5	5	41	4.99697	0.018748	0.013995	0.0243902	0.097561		5	7	11	6.16731	0.004949	0.004527	0.363636	0.363636		5	7	21	9.82922	0.010595	0.008779	0.0952381	0.142857		5	7	41	6.06741	0.024893	0.017772	0.0487805	0.0487805		5	9	11	5.86749	0.006897	0.006314	0.727273	0.454545		5	9	21	8.44194	0.013205	0.010861	0.047619	0.047619		5	9	41	7.29441	0.031245	0.021705	0.097561	0.0731707
6	10	11	7.22928	0.00788	0.007206	1	0.181818		6	10	21	9.02844	0.01698	0.014123	1	0.142857		6	10	41	8.7516	0.039368	0.028099	1	0.121951		6	1	11	6.93252	0.001524	0.001544	0.818182	0.818182		6	1	21	7.48237	0.003264	0.003308	0.428571	0.428571		6	1	41	6.3675	0.007014	0.007085	0.414634	0.414634		6	3	11	5.70764	0.00298	0.002835	0.909091	0.818182		6	3	21	5.94978	0.006282	0.005659	0.380952	0.380952		6	3	41	5.61185	0.014014	0.011566	0.0731707	0.0487805		6	5	11	7.54421	0.004414	0.004122	0	0.181818		6	5	21	9.86214	0.009236	0.008011	0.047619	0.0952381		6	5	41	5.83923	0.021281	0.016237	0.0243902	0.097561		6	7	11	7.02881	0.005809	0.005371	0.545455	0.272727		6	7	21	10.5487	0.01224	0.010383	0.0952381	0.142857		6	7	41	6.75783	0.028219	0.020776	0.0487805	0.097561		6	9	11	6.87682	0.007743	0.007129	0.727273	0.454545		6	9	21	9.07054	0.015222	0.012766	0.0952381	0.142857		6	9	41	8.02204	0.035354	0.025406	0.097561	0.121951
7	10	11	8.80315	0.009056	0.008345	1	0.181818		7	10	21	11.7293	0.019222	0.016253	1	0.142857		7	10	41	10.2451	0.04401	0.032132	1	0.097561		7	1	11	10.1942	0.001773	0.001804	0.909091	0.909091		7	1	21	8.56627	0.003604	0.003648	0.380952	0.380952		7	1	41	7.16885	0.007813	0.00785	0.390244	0.390244		7	3	11	9.01719	0.003392	0.003254	0.818182	0.818182		7	3	21	6.92168	0.007048	0.006434	0.428571	0.428571		7	3	41	6.48531	0.015643	0.013067	0.146341	0.0731707		7	5	11	8.899	0.005012	0.004711	0.181818	0.181818		7	5	21	11.6688	0.010451	0.009146	0.0952381	0		7	5	41	7.80768	0.023721	0.018507	0.0731707	0.121951		7	7	11	8.03817	0.006673	0.006212	0.545455	0.181818		7	7	21	13.1633	0.013752	0.011879	0.142857	0.0952381		7	7	41	9.01994	0.031535	0.023746	0.097561	0.121951		7	9	11	8.17956	0.008767	0.008056	0.727273	0.454545		7	9	21	11.2509	0.01728	0.014715	0.0952381	0.047619		7	9	41	9.23404	0.039555	0.029173	0.0487805	0.097561
8	10	11	9.83028	0.010194	0.009488	1	0.272727		8	10	21	12.6904	0.021057	0.018064	1	0.190476		8	10	41	11.6028	0.048732	0.036528	1	0.0731707		8	1	11	11.4714	0.001965	0.001999	0.727273	0.727273		8	1	21	10.0997	0.004025	0.00404	0.380952	0.380952		8	1	41	9.83843	0.008558	0.008649	0.341463	0.341463		8	3	11	10.2646	0.003809	0.003651	0.909091	0.818182		8	3	21	8.22002	0.007818	0.007149	0.47619	0.47619		8	3	41	9.92982	0.017369	0.014727	0.097561	0.0731707		8	5	11	10.5912	0.005642	0.005327	0.0909091	0.272727		8	5	21	12.5727	0.011604	0.010298	0.0952381	0		8	5	41	8.98846	0.02623	0.020876	0.0731707	0.097561		8	7	11	17.6371	0.007412	0.00693	0.545455	0.272727		8	7	21	14.2155	0.01539	0.013397	0.142857	0.0952381		8	7	41	10.2756	0.034853	0.026788	0.0731707	0.0731707		8	9	11	9.07965	0.010037	0.009315	0.727273	0.454545		8	9	21	12.4989	0.019282	0.016677	0.047619	0.0952381		8	9	41	10.4078	0.043887	0.03296	0.097561	0.097561
9	10	11	11.1526	0.011334	0.010555	1	0.272727		9	10	21	15.0159	0.023424	0.020296	1	0.142857		9	10	41	13.5391	0.053508	0.040633	1	0.097561		9	1	11	12.339	0.002209	0.002233	0.727273	0.727273		9	1	21	14.1855	0.004482	0.004454	0.47619	0.47619		9	1	41	24.318	0.009316	0.009367	0.341463	0.341463		9	3	11	11.353	0.004233	0.004069	0.909091	0.818182		9	3	21	16.2342	0.008634	0.007965	0.47619	0.47619		9	3	41	12.5869	0.019015	0.016296	0.097561	0.0243902		9	5	11	11.4473	0.006216	0.005904	0.0909091	0.181818		9	5	21	14.7382	0.01303	0.011608	0.0952381	0.047619		9	5	41	10.7238	0.028834	0.023097	0.0731707	0.121951		9	7	11	18.5122	0.008257	0.007738	0.636364	0.181818		9	7	21	16.1622	0.017063	0.015002	0.285714	0.0952381		9	7	41	11.917	0.038212	0.029872	0.097561	0.097561		9	9	11	10.3733	0.011231	0.010527	0.727273	0.454545		9	9	21	16.5633	0.021371	0.018623	0.0952381	0.0952381		9	9	41	13.8266	0.048005	0.036919	0.097561	0.097561
10	10	11	12.7262	0.012419	0.011617	1	0.272727		10	10	21	16.5649	0.025603	0.022333	1	0.190476		10	10	41	14.6177	0.057912	0.044689	1	0.0731707		10	1	11	12.3908	0.002356	0.002378	0.727273	0.727273		10	1	21	16.0229	0.00486	0.004901	0.380952	0.380952		10	1	41	26.4457	0.010157	0.010213	0.268293	0.268293		10	3	11	13.2795	0.004737	0.004576	0.818182	0.818182		10	3	21	17.7939	0.009516	0.008825	0.47619	0.52381		10	3	41	13.5791	0.02059	0.017773	0.146341	0.0487805		10	5	11	13.7791	0.006837	0.00652	0.272727	0.181818		10	5	21	15.9776	0.014092	0.012628	0.142857	0		10	5	41	11.8707	0.031186	0.025447	0.097561	0.146341		10	7	11	22.1303	0.009295	0.008751	0.636364	0.181818		10	7	21	18.0065	0.018643	0.016509	0.190476	0.0952381		10	7	41	13.1626	0.04186	0.033058	0.097561	0.097561		10	9	11	12.6495	0.012448	0.01173	0.727273	0.454545		10	9	21	17.5966	0.023342	0.020513	0.0952381	0.0952381		10	9	41	14.8971	0.052334	0.040731	0.146341	0.097561
11	10	11	14.2807	0.013496	0.012675	1	0.272727		11	10	21	18.4081	0.028006	0.024568	1	0.142857		11	10	41	18.9918	0.06255	0.048927	1	0.097561		11	1	11	73.813	0.002498	0.002519	0.727273	0.727273		11	1	21	18.6577	0.005159	0.005207	0.47619	0.47619		11	1	41	29.3601	0.010947	0.011009	0.341463	0.341463		11	3	11	16.5164	0.00502	0.004855	0.909091	0.818182		11	3	21	20.0474	0.010247	0.009536	0.428571	0.47619		11	3	41	20.03	0.022308	0.019383	0.146341	0.121951		11	5	11	15.7721	0.007488	0.007151	0.272727	0.181818		11	5	21	18.3013	0.015342	0.013856	0.190476	0.047619		11	5	41	13.9845	0.03374	0.027862	0.0731707	0.097561		11	7	11	24.3029	0.010076	0.009535	0.636364	0.181818		11	7	21	19.2686	0.020227	0.017982	0.285714	0.190476		11	7	41	14.5546	0.045007	0.036034	0.195122	0.121951		11	9	11	14.0575	0.013454	0.012651	0.727273	0.454545		11	9	21	19.8085	0.025431	0.022456	0.047619	0.0952381		11	9	41	19.4592	0.056228	0.044273	0.097561	0.097561
12	10	11	15.588	0.014635	0.013779	1	0.272727		12	10	21	19.9453	0.03061	0.027023	1	0.142857		12	10	41	20.3308	0.067472	0.053239	1	0.097561		12	1	11	135.393	0.002688	0.002715	0.727273	0.727273		12	1	21	20.4592	0.005668	0.005709	0.47619	0.47619		12	1	41	33.0254	0.011701	0.011737	0.292683	0.292683		12	3	11	17.4835	0.005392	0.005227	0.909091	0.818182		12	3	21	21.8165	0.011043	0.01032	0.47619	0.47619		12	3	41	21.069	0.023911	0.020852	0.146341	0.121951		12	5	11	18.3232	0.0081	0.007724	0.272727	0.181818		12	5	21	21.5804	0.016448	0.014945	0.142857	0.0952381		12	5	41	16.5775	0.036114	0.029938	0.146341	0.146341		12	7	11	25.1755	0.010956	0.010371	0.727273	0.181818		12	7	21	25.9255	0.021885	0.019562	0.285714	0.190476		12	7	41	19.6368	0.048442	0.039127	0.170732	0.121951		12	9	11	15.2456	0.014515	0.013616	0.727273	0.454545		12	9	21	21.1126	0.027491	0.02442	0.0952381	0.047619		12	9	41	20.7884	0.060631	0.048167	0.121951	0.097561
13	10	11	20.45	0.015728	0.014835	1	0.0909091		13	10	21	22.7666	0.032355	0.028801	1	0.190476		13	10	41	22.3178	0.071899	0.057289	1	0.097561		13	1	11	196.762	0.003008	0.003035	0.818182	0.818182		13	1	21	23.5655	0.006068	0.006093	0.47619	0.47619		13	1	41	34.244	0.012466	0.012537	0.390244	0.390244		13	3	11	20.0147	0.005854	0.00567	1	0.818182		13	3	21	24.4099	0.011823	0.011062	0.47619	0.380952		13	3	41	25.915	0.025611	0.022433	0.170732	0.121951		13	5	11	19.7063	0.008681	0.008301	0.363636	0.181818		13	5	21	25.3474	0.018366	0.016783	0.142857	0.0952381		13	5	41	19.51	0.038901	0.032407	0.146341	0.170732		13	7	11	36.5871	0.011723	0.011073	0.818182	0.272727		13	7	21	27.9281	0.023979	0.021406	0.190476	0.190476		13	7	41	21.5887	0.051661	0.042033	0.219512	0.170732		13	9	11	19.5589	0.016055	0.01526	0.727273	0.454545		13	9	21	28.2352	0.029477	0.026299	0.142857	0.142857		13	9	41	22.5881	0.064644	0.05178	0.195122	0.121951
14	10	11	21.9446	0.016969	0.016056	1	0.0909091		14	10	21	24.5919	0.034351	0.030656	1	0.142857		14	10	41	26.1654	0.076605	0.061546	1	0.121951		14	1	11	200.307	0.00308	0.003104	0.818182	0.818182		14	1	21	25.2095	0.006461	0.006508	0.47619	0.47619		14	1	41	36.0303	0.013329	0.013478	0.365854	0.365854		14	3	11	24.4147	0.006251	0.006062	1	0.818182		14	3	21	25.6972	0.012626	0.01183	0.47619	0.47619		14	3	41	27.778	0.027183	0.023936	0.121951	0.097561		14	5	11	24.6379	0.009332	0.008962	0.454545	0.181818		14	5	21	27.4112	0.018864	0.017251	0.190476	0.047619		14	5	41	22.0407	0.041131	0.034573	0.121951	0.170732		14	7	11	37.6813	0.012415	0.011833	0.818182	0.272727		14	7	21	29.5676	0.025094	0.022609	0.285714	0.190476		14	7	41	23.8763	0.054987	0.045092	0.146341	0.170732		14	9	11	21.6462	0.015965	0.015147	0.727273	0.454545		14	9	21	29.7909	0.031402	0.028123	0.142857	0.142857		14	9	41	25.8468	0.068967	0.055746	0.195122	0.097561
15	10	11	23.8103	0.018062	0.017124	1	0.0909091		15	10	21	31.1796	0.03716	0.033256	1	0.190476		15	10	41	30.1466	0.08126	0.065843	1	0.146341		15	1	11	204.882	0.003309	0.00335	0.818182	0.818182		15	1	21	28.4334	0.006832	0.006883	0.47619	0.47619		15	1	41	38.9375	0.014158	0.01427	0.390244	0.390244		15	3	11	26.2883	0.006766	0.006571	1	0.818182		15	3	21	30.1677	0.01352	0.012709	0.428571	0.47619		15	3	41	30.199	0.028919	0.025632	0.146341	0.146341		15	5	11	28.4116	0.010001	0.009606	0.454545	0.181818		15	5	21	30.1247	0.020028	0.018377	0.142857	0.0952381		15	5	41	26.356	0.043746	0.036931	0.146341	0.170732		15	7	11	39.1394	0.013231	0.012602	0.727273	0.363636		15	7	21	32.4611	0.026723	0.02418	0.285714	0.190476		15	7	41	26.9277	0.058396	0.048201	0.170732	0.170732		15	9	11	23.5618	0.017376	0.016365	0.727273	0.454545		15	9	21	32.3232	0.033465	0.030064	0.190476	0.142857		15	9	41	31.1529	0.073019	0.059407	0.195122	0.121951
16	10	11	25.0576	0.019296	0.018267	1	0.272727		16	10	21	32.7904	0.039775	0.035627	1	0.190476		16	10	41	33.4866	0.086139	0.069846	1	0.146341		16	1	11	205.419	0.003571	0.003597	0.909091	0.909091		16	1	21	31.65	0.007192	0.007248	0.47619	0.47619		16	1	41	43.6378	0.014982	0.015078	0.414634	0.414634		16	3	11	27.5477	0.007139	0.006936	1	0.818182		16	3	21	32.6618	0.014352	0.013461	0.47619	0.47619		16	3	41	33.4481	0.031144	0.027414	0.146341	0.243902		16	5	11	29.3408	0.010648	0.010198	0.545455	0.181818		16	5	21	33.1248	0.021527	0.019687	0.142857	0.047619		16	5	41	28.6218	0.046901	0.039315	0.170732	0.195122		16	7	11	44.2764	0.014168	0.013474	0.727273	0.454545		16	7	21	34.187	0.028533	0.025671	0.238095	0.190476		16	7	41	31.7879	0.062159	0.051295	0.170732	0.170732		16	9	11	24.5813	0.01905	0.017998	0.727273	0.454545		16	9	21	36.0983	0.035859	0.032274	0.142857	0.0952381		16	9	41	34.4564	0.077683	0.063302	0.170732	0.097561
17	10	11	26.8472	0.020324	0.019312	1	0.272727		17	10	21	35.6266	0.041318	0.037327	1	0.238095		17	10	41	36.0016	0.09081	0.074108	1	0.146341		17	1	11	216.221	0.003713	0.003765	0.818182	0.818182		17	1	21	34.0908	0.007567	0.007617	0.428571	0.428571		17	1	41	50.9027	0.015681	0.015755	0.414634	0.414634		17	3	11	33.3678	0.007534	0.007335	1	0.818182		17	3	21	35.7402	0.015054	0.014191	0.428571	0.52381		17	3	41	43.3568	0.032336	0.02873	0.219512	0.243902		17	5	11	31.4966	0.011231	0.010825	0.454545	0.181818		17	5	21	34.6897	0.022556	0.020737	0.142857	0.142857		17	5	41	32.4677	0.048602	0.041468	0.170732	0.219512		17	7	11	47.0532	0.015081	0.01441	0.727273	0.545455		17	7	21	37.4196	0.029961	0.027238	0.238095	0.190476		17	7	41	35.8401	0.065571	0.054282	0.195122	0.146341		17	9	11	27.6949	0.020092	0.01903	0.636364	0.454545		17	9	21	38.138	0.037715	0.034055	0.142857	0.190476		17	9	41	37.0592	0.081743	0.067042	0.146341	0.121951
18	10	11	31.3628	0.021396	0.020362	1	0.181818		18	10	21	37.6904	0.043505	0.039276	1	0.190476		18	10	41	39.2353	0.095613	0.078484	1	0.195122		18	1	11	218.473	0.00386	0.00389	0.818182	0.818182		18	1	21	35.156	0.007936	0.008014	0.428571	0.428571		18	1	41	55.2877	0.016531	0.016627	0.439024	0.439024		18	3	11	36.6878	0.007908	0.007698	1	0.818182		18	3	21	40.1836	0.015831	0.014954	0.428571	0.571429		18	3	41	47.5966	0.033909	0.030268	0.195122	0.219512		18	5	11	33.7231	0.011912	0.011447	0.545455	0.181818		18	5	21	41.5556	0.023802	0.021938	0.142857	0.142857		18	5	41	35.674	0.051266	0.043755	0.195122	0.170732		18	7	11	50.0549	0.016015	0.015255	0.909091	0.909091		18	7	21	40.0519	0.031559	0.028775	0.333333	0.0952381		18	7	41	38.1245	0.068935	0.05749	0.195122	0.170732		18	9	11	30.9152	0.021211	0.020164	0.636364	0.454545		18	9	21	40.3117	0.039594	0.035854	0.190476	0.0952381		18	9	41	40.4776	0.08601	0.070867	0.219512	0.0731707
19	10	11	34.1763	0.022575	0.021504	1	0.181818		19	10	21	41.2379	0.045872	0.041462	1	0.190476		19	10	41	41.8711	0.100228	0.082649	1	0.195122		19	1	11	280.001	0.004056	0.004088	0.818182	0.818182		19	1	21	38.3393	0.008384	0.008429	0.47619	0.47619		19	1	41	57.4355	0.017324	0.017416	0.536585	0.536585		19	3	11	37.832	0.008317	0.008107	1	0.818182		19	3	21	44.274	0.016665	0.015738	0.571429	0.619048		19	3	41	50.5229	0.035512	0.031803	0.195122	0.268293		19	5	11	55.4059	0.012706	0.012221	0.454545	0.181818		19	5	21	44.1258	0.02502	0.023094	0.142857	0.190476		19	5	41	37.59	0.053687	0.045898	0.170732	0.219512		19	7	11	56.3285	0.016769	0.016039	1	1		19	7	21	47.2826	0.033516	0.030631	0.333333	0.0952381		19	7	41	45.2222	0.072649	0.060882	0.195122	0.195122		19	9	11	33.3339	0.02235	0.021264	0.636364	0.454545		19	9	21	42.7599	0.041769	0.03788	0.190476	0.0952381		19	9	41	43.757	0.09036	0.074883	0.268293	0.146341
20	10	11	41.2109	0.023908	0.022739	1	0.181818		20	10	21	45.3605	0.047853	0.043398	1	0.190476		20	10	41	44.5697	0.105108	0.086812	1	0.219512		20	1	11	280.053	0.004246	0.00428	0.818182	0.818182		20	1	21	38.3912	0.008796	0.00884	0.428571	0.428571		20	1	41	69.2594	0.018071	0.018233	0.609756	0.609756		20	3	11	39.4792	0.008713	0.008494	1	0.818182		20	3	21	46.2208	0.017591	0.016559	0.571429	0.47619		20	3	41	64.6171	0.037504	0.033435	0.195122	0.292683		20	5	11	59.5734	0.013164	0.01267	0.272727	0.181818		20	5	21	45.857	0.026242	0.024183	0.238095	0.238095		20	5	41	47.978	0.056467	0.048274	0.195122	0.195122		20	7	11	58.5838	0.017569	0.016794	1	1		20	7	21	50.0756	0.035074	0.032056	0.333333	0.142857		20	7	41	46.6407	0.075348	0.063327	0.195122	0.219512		20	9	11	36.6764	0.023476	0.022292	0.727273	0.454545		20	9	21	48.5214	0.043886	0.039889	0.0952381	0.0952381		20	9	41	48.6976	0.094655	0.078505	0.268293	0.170732
21	10	11	48.4274	0.024982	0.023784	1	0.363636		21	10	21	48.5852	0.050249	0.045634	1	0.190476		21	10	41	56.4268	0.110006	0.091125	1	0.219512		21	1	11	341.465	0.004484	0.004516	0.909091	0.909091		21	1	21	45.1703	0.009175	0.009246	0.52381	0.52381		21	1	41	72.6653	0.018922	0.019025	0.609756	0.609756		21	3	11	44.1521	0.009142	0.008922	1	0.818182		21	3	21	49.4587	0.018425	0.017402	0.571429	0.571429		21	3	41	68.5955	0.039278	0.035051	0.219512	0.317073		21	5	11	64.0241	0.013706	0.013198	0.454545	0.272727		21	5	21	50.3859	0.027582	0.025486	0.142857	0.190476		21	5	41	55.3798	0.058845	0.050598	0.195122	0.243902		21	7	11	62.7074	0.018468	0.017665	1	0.909091		21	7	21	55.07	0.036494	0.033425	0.380952	0.142857		21	7	41	74.2499	0.07918	0.066656	0.219512	0.243902		21	9	11	39.8776	0.024783	0.023578	0.727273	0.454545		21	9	21	54.7286	0.045674	0.041576	0.0952381	0.0952381		21	9	41	50.7473	0.098816	0.08226	0.268293	0.195122
22	10	11	51.2297	0.026201	0.024979	1	0.181818		22	10	21	69.7168	0.052403	0.047704	1	0.190476		22	10	41	60.0733	0.114775	0.095344	1	0.243902		22	1	11	402.99	0.004924	0.004958	0.909091	0.909091		22	1	21	47.8226	0.009565	0.009629	0.52381	0.52381		22	1	41	75.0935	0.019702	0.01982	0.634146	0.634146		22	3	11	47.2137	0.009553	0.009315	1	0.818182		22	3	21	55.2361	0.019164	0.018132	0.571429	0.571429		22	3	41	73.1801	0.040623	0.036611	0.195122	0.365854		22	5	11	67.1573	0.014234	0.013734	0.545455	0.272727		22	5	21	60.3713	0.028632	0.026591	0.142857	0.142857		22	5	41	57.925	0.061659	0.05324	0.195122	0.170732		22	7	11	64.7601	0.019409	0.018589	1	1		22	7	21	60.8233	0.038204	0.035061	0.380952	0.0952381		22	7	41	77.3684	0.082283	0.069473	0.268293	0.219512		22	9	11	51.2297	0.025885	0.024653	0.727273	0.454545		22	9	21	98.967	0.047748	0.043567	0.142857	0.142857		22	9	41	54.2882	0.103071	0.086208	0.317073	0.170732
23	10	11	57.3225	0.027371	0.026145	1	0.181818		23	10	21	73.0245	0.054979	0.050229	1	0.190476		23	10	41	62.8018	0.119127	0.099351	1	0.243902		23	1	11	464.551	0.004831	0.004864	0.909091	0.909091		23	1	21	109.27	0.009968	0.010021	0.52381	0.52381		23	1	41	78.037	0.020513	0.020645	0.634146	0.634146		23	3	11	48.7445	0.009951	0.009726	1	0.818182		23	3	21	58.8771	0.019982	0.018884	0.666667	0.619048		23	3	41	77.3137	0.042526	0.038341	0.195122	0.292683		23	5	11	70.7964	0.014961	0.014419	0.636364	0.181818		23	5	21	68.6613	0.030018	0.027832	0.190476	0.142857		23	5	41	61.965	0.064423	0.055929	0.170732	0.219512		23	7	11	70.8037	0.020273	0.01942	1	1		23	7	21	62.4296	0.039848	0.036604	0.428571	0.0952381		23	7	41	90.4517	0.085835	0.072655	0.268293	0.195122		23	9	11	57.5582	0.025799	0.024606	0.727273	0.454545		23	9	21	100.419	0.04995	0.045691	0.142857	0.142857		23	9	41	62.6167	0.107424	0.090001	0.292683	0.146341
24	10	11	63.9366	0.028697	0.027389	1	0.272727		24	10	21	76.8434	0.057151	0.052015	1	0.142857		24	10	41	66.7678	0.123645	0.103694	1	0.317073		24	1	11	526.088	0.00509	0.005117	0.909091	0.909091		24	1	21	170.69	0.01042	0.010501	0.52381	0.52381		24	1	41	86.0378	0.021355	0.021459	0.634146	0.634146		24	3	11	50.1162	0.010423	0.010173	1	0.909091		24	3	21	66.5093	0.02078	0.019681	0.714286	0.619048		24	3	41	80.7176	0.044172	0.039678	0.195122	0.292683		24	5	11	73.3003	0.015588	0.01505	0.545455	0.181818		24	5	21	71.1451	0.031313	0.02904	0.190476	0.142857		24	5	41	68.2378	0.066851	0.057689	0.170732	0.170732		24	7	11	82.0607	0.020833	0.019976	1	1		24	7	21	68.2368	0.041446	0.03808	0.333333	0.0952381		24	7	41	94.1844	0.08876	0.07551	0.219512	0.219512		24	9	11	59.9362	0.027693	0.026524	0.727273	0.454545		24	9	21	111.966	0.052152	0.047603	0.190476	0.047619		24	9	41	65.082	0.111348	0.09361	0.292683	0.170732
25	10	11	65.827	0.029671	0.028355	1	0.363636		25	10	21	79.0684	0.059537	0.054203	1	0.190476		25	10	41	71.8467	0.128247	0.10757	1	0.292683		25	1	11	587.679	0.005362	0.005394	0.909091	0.909091		25	1	21	232.135	0.010767	0.010833	0.47619	0.47619		25	1	41	87.8607	0.022062	0.022177	0.634146	0.634146		25	3	11	55.3198	0.011004	0.010753	1	0.909091		25	3	21	69.5514	0.021676	0.020541	0.666667	0.619048		25	3	41	87.1772	0.045996	0.041485	0.170732	0.268293		25	5	11	81.411	0.016254	0.015686	1	0.363636		25	5	21	75.9198	0.032513	0.030191	0.190476	0.142857		25	5	41	74.6123	0.069199	0.05993	0.219512	0.219512		25	7	11	88.6048	0.021687	0.020803	1	1		25	7	21	70.813	0.043125	0.039752	0.285714	0.142857		25	7	41	100.763	0.092317	0.078712	0.243902	0.268293		25	9	11	63.4903	0.029251	0.027924	0.727273	0.454545		25	9	21	113.735	0.054196	0.049515	0.238095	0.0952381		25	9	41	69.5292	0.115525	0.097429	0.341463	0.170732
26	10	11	79.621	0.030984	0.02958	1	0.181818		26	10	21	82.9901	0.061614	0.056242	1	0.190476		26	10	41	78.961	0.132631	0.111861	1	0.317073		26	1	11	649.116	0.005432	0.005464	0.909091	0.909091		26	1	21	293.566	0.011166	0.011229	0.52381	0.52381		26	1	41	98.491	0.022824	0.02293	0.634146	0.634146		26	3	11	63.484	0.011443	0.011182	1	0.909091		26	3	21	73.1313	0.022286	0.021182	0.809524	0.714286		26	3	41	92.7508	0.047575	0.042872	0.219512	0.268293		26	5	11	85.4745	0.016776	0.016218	0.909091	0.454545		26	5	21	77.4725	0.033548	0.031159	0.190476	0.0952381		26	5	41	82.82	0.07143	0.061985	0.170732	0.195122		26	7	11	91.5607	0.022535	0.021625	1	1		26	7	21	74.3159	0.045108	0.041524	0.380952	0.0952381		26	7	41	103.291	0.096344	0.081833	0.243902	0.268293		26	9	11	75.6939	0.030575	0.029224	0.727273	0.454545		26	9	21	119.106	0.056078	0.051352	0.285714	0.047619		26	9	41	82.0594	0.119799	0.101272	0.341463	0.195122
27	10	11	86.4119	0.032132	0.03075	1	0.272727		27	10	21	85.8002	0.063818	0.058342	1	0.190476		27	10	41	82.9184	0.137439	0.116459	1	0.341463		27	1	11	650.898	0.005633	0.005668	0.818182	0.818182		27	1	21	294.941	0.011554	0.011627	0.47619	0.47619		27	1	41	100.703	0.023711	0.02385	0.609756	0.609756		27	3	11	65.6904	0.011795	0.011521	1	0.909091		27	3	21	84.5234	0.023104	0.021964	0.809524	0.714286		27	3	41	101.445	0.049271	0.044446	0.170732	0.268293		27	5	11	89.3588	0.017405	0.016836	0.909091	0.545455		27	5	21	88.9	0.034836	0.032427	0.142857	0.142857		27	5	41	85.5926	0.074615	0.064808	0.170732	0.243902		27	7	11	98.7608	0.02343	0.022513	1	1		27	7	21	78.9406	0.046514	0.04282	0.333333	0.142857		27	7	41	112.589	0.10018	0.085323	0.317073	0.268293		27	9	11	82.4517	0.03113	0.029904	0.727273	0.454545		27	9	21	126.287	0.058353	0.053538	0.333333	0.0952381		27	9	41	85.5074	0.12432	0.105262	0.341463	0.195122
28	10	11	92.2478	0.033406	0.032005	1	0.272727		28	10	21	94.0653	0.066056	0.060491	1	0.285714		28	10	41	91.1571	0.142276	0.120367	1	0.365854		28	1	11	712.331	0.005825	0.005859	0.909091	0.909091		28	1	21	296.282	0.011941	0.012021	0.52381	0.52381		28	1	41	106.708	0.024387	0.024556	0.634146	0.634146		28	3	11	67.4289	0.012133	0.01186	0.909091	1		28	3	21	87.1233	0.024101	0.022981	0.809524	0.714286		28	3	41	103.269	0.050993	0.046041	0.195122	0.243902		28	5	11	93.7207	0.018061	0.017465	0.909091	0.545455		28	5	21	94.8498	0.036196	0.033704	0.190476	0.0952381		28	5	41	92.4485	0.077149	0.06701	0.170732	0.268293		28	7	11	101.694	0.024288	0.023378	1	1		28	7	21	84.6513	0.048593	0.044329	0.333333	0.047619		28	7	41	115.643	0.103295	0.088292	0.341463	0.317073		28	9	11	87.3551	0.032724	0.03122	0.727273	0.454545		28	9	21	130.764	0.060453	0.055477	0.333333	0.0952381		28	9	41	106.927	0.128949	0.109072	0.341463	0.243902
29	10	11	95.1757	0.034277	0.032859	1	0.272727		29	10	21	97.7277	0.068389	0.062615	1	0.238095		29	10	41	101.709	0.147401	0.124936	1	0.365854		29	1	11	773.934	0.00608	0.006116	0.909091	0.909091		29	1	21	300.997	0.012364	0.012421	0.52381	0.52381		29	1	41	110.89	0.025669	0.0258	0.634146	0.634146		29	3	11	69.0257	0.012427	0.012147	0.909091	1		29	3	21	92.3488	0.024649	0.023491	0.809524	0.714286		29	3	41	109.26	0.05231	0.047315	0.219512	0.292683		29	5	11	98.5394	0.018763	0.018148	0.909091	0.454545		29	5	21	98.1966	0.037355	0.034865	0.190476	0.0952381		29	5	41	105.162	0.079674	0.069331	0.195122	0.268293		29	7	11	105.607	0.025291	0.024337	1	1		29	7	21	90.426	0.049803	0.045923	0.380952	0.047619		29	7	41	120.974	0.106619	0.091242	0.341463	0.268293		29	9	11	92.4143	0.03303	0.031775	0.727273	0.454545		29	9	21	134.7	0.062534	0.057472	0.285714	0.047619		29	9	41	112.759	0.133054	0.112776	0.365854	0.195122
30	10	11	117.548	0.0356	0.034122	1	0.272727		30	10	21	103.321	0.071121	0.065213	1	0.238095		30	10	41	107.096	0.151883	0.128771	1	0.341463		30	1	11	835.317	0.006351	0.006392	0.909091	0.909091		30	1	21	362.452	0.012807	0.012868	0.52381	0.52381		30	1	41	113.871	0.02656	0.026698	0.658537	0.658537		30	3	11	70.1923	0.012988	0.012713	0.909091	0.909091		30	3	21	95.9277	0.025444	0.024269	0.809524	0.761905		30	3	41	113.445	0.05481	0.0496	0.219512	0.292683		30	5	11	112.314	0.019259	0.018654	0.909091	0.454545		30	5	21	105.377	0.038388	0.035866	0.190476	0.0952381		30	5	41	108.751	0.081863	0.071518	0.170732	0.317073		30	7	11	112.638	0.026128	0.025136	1	1		30	7	21	94.1071	0.051144	0.047264	0.428571	0.0952381		30	7	41	129.341	0.108804	0.093816	0.341463	0.292683		30	9	11	101.177	0.034611	0.033187	0.727273	0.454545		30	9	21	139.19	0.064178	0.058958	0.285714	0.142857		30	9	41	117.917	0.136537	0.116442	0.341463	0.243902
31	10	11	121.854	0.036559	0.035059	1	0.0909091		31	10	21	106.876	0.07297	0.06707	1	0.285714		31	10	41	113.37	0.156901	0.133489	1	0.414634		31	1	11	839.871	0.006399	0.006434	0.909091	0.909091		31	1	21	365.256	0.013126	0.013211	0.52381	0.52381		31	1	41	117.347	0.026896	0.027006	0.658537	0.658537		31	3	11	71.274	0.013395	0.013094	1	1		31	3	21	99.1019	0.026412	0.025216	0.809524	0.809524		31	3	41	116.272	0.055377	0.05041	0.243902	0.243902		31	5	11	114.76	0.019891	0.019282	0.909091	0.727273		31	5	21	109.488	0.039473	0.036995	0.190476	0.0952381		31	5	41	115.361	0.084401	0.073844	0.170732	0.268293		31	7	11	125.873	0.02664	0.025664	1	1		31	7	21	98.2127	0.052709	0.048758	0.428571	0.142857		31	7	41	144.438	0.112119	0.096965	0.341463	0.292683		31	9	11	103.695	0.035947	0.034466	0.727273	0.454545		31	9	21	142.541	0.066505	0.061187	0.285714	0.142857		31	9	41	125.485	0.140929	0.120279	0.365854	0.243902
32	10	11	125.93	0.037776	0.036237	1	0.181818		32	10	21	110.197	0.075059	0.069027	1	0.333333		32	10	41	121.082	0.161275	0.137503	1	0.390244		32	1	11	901.293	0.006588	0.006625	0.909091	0.909091		32	1	21	367.434	0.013558	0.013632	0.571429	0.571429		32	1	41	122.995	0.027672	0.027812	0.658537	0.658537		32	3	11	71.3258	0.013808	0.013517	1	1		32	3	21	112.352	0.027232	0.025958	0.952381	0.809524		32	3	41	126.371	0.057408	0.0521	0.243902	0.243902		32	5	11	120.412	0.020547	0.019907	0.909091	0.727273		32	5	21	114.222	0.041038	0.038396	0.190476	0.0952381		32	5	41	122.506	0.085951	0.075728	0.195122	0.268293		32	7	11	128.962	0.027636	0.026622	1	1		32	7	21	103.666	0.054403	0.050298	0.333333	0.0952381		32	7	41	149.986	0.116134	0.099935	0.341463	0.268293		32	9	11	109.719	0.036337	0.034979	0.727273	0.454545		32	9	21	156.462	0.068998	0.063651	0.333333	0.190476		32	9	41	131.605	0.145126	0.123897	0.390244	0.243902
33	10	11	131.625	0.038669	0.037192	1	0.181818		33	10	21	118.568	0.077097	0.07116	1	0.285714		33	10	41	125.598	0.165671	0.141802	1	0.463415		33	1	11	962.977	0.006805	0.006853	0.909091	0.909091		33	1	21	385.52	0.013974	0.014069	0.571429	0.571429		33	1	41	130.336	0.028471	0.028591	0.658537	0.658537		33	3	11	132.717	0.014234	0.01394	1	1		33	3	21	118.688	0.027941	0.026691	0.952381	0.857143		33	3	41	134.425	0.058812	0.053638	0.243902	0.243902		33	5	11	126.684	0.021123	0.020524	0.909091	0.727273		33	5	21	127.552	0.042052	0.039466	0.190476	0.142857		33	5	41	125.825	0.088692	0.078282	0.268293	0.317073		33	7	11	132.293	0.028757	0.027779	1	1		33	7	21	108.702	0.055801	0.051882	0.380952	0.0952381		33	7	41	158.269	0.11884	0.103161	0.365854	0.292683		33	9	11	112.902	0.037482	0.036168	0.727273	0.454545		33	9	21	162.045	0.070081	0.064904	0.238095	0.142857		33	9	41	142.663	0.149125	0.128255	0.439024	0.243902
34	10	11	135.236	0.039762	0.038244	1	0.272727		34	10	21	126.246	0.079384	0.073281	1	0.285714		34	10	41	128.758	0.17046	0.145878	1	0.463415		34	1	11	1024.45	0.007731	0.007748	0.909091	0.909091		34	1	21	386.563	0.014307	0.014391	0.571429	0.571429		34	1	41	133.974	0.029311	0.02947	0.658537	0.658537		34	3	11	194.127	0.014642	0.014335	1	0.909091		34	3	21	122.819	0.028742	0.027453	0.904762	0.857143		34	3	41	149.208	0.06041	0.0552	0.268293	0.292683		34	5	11	128.301	0.021729	0.021079	0.909091	0.727273		34	5	21	133.636	0.043087	0.040468	0.190476	0.285714		34	5	41	130.148	0.091102	0.080441	0.292683	0.292683		34	7	11	152.241	0.029198	0.028161	1	1		34	7	21	118.156	0.058803	0.054729	0.333333	0.0952381		34	7	41	162.441	0.123425	0.106599	0.341463	0.365854		34	9	11	158.491	0.03907	0.03753	0.727273	0.454545		34	9	21	169.712	0.07241	0.066936	0.238095	0.238095		34	9	41	146.447	0.153456	0.131778	0.463415	0.243902
35	10	11	143.87	0.041044	0.039522	1	0.181818		35	10	21	131.454	0.081685	0.075511	1	0.285714		35	10	41	136.705	0.174996	0.150122	1	0.439024		35	1	11	1086.14	0.007522	0.007573	0.909091	0.909091		35	1	21	394.281	0.014785	0.014857	0.571429	0.571429		35	1	41	136.188	0.030078	0.030217	0.658537	0.658537		35	3	11	255.539	0.01495	0.014625	1	1		35	3	21	126.579	0.029631	0.028313	0.904762	0.857143		35	3	41	170.93	0.062185	0.056691	0.268293	0.317073		35	5	11	134.681	0.022365	0.021678	0.909091	0.727273		35	5	21	137.588	0.044381	0.041614	0.190476	0.238095		35	5	41	135.728	0.093832	0.082901	0.292683	0.439024		35	7	11	161.018	0.030632	0.029589	1	1		35	7	21	126.309	0.059353	0.055244	0.333333	0.0952381		35	7	41	170.524	0.126373	0.109211	0.341463	0.341463		35	9	11	163.905	0.039588	0.038095	0.727273	0.454545		35	9	21	172.813	0.074288	0.068712	0.238095	0.190476		35	9	41	151.371	0.157645	0.135454	0.463415	0.268293
36	10	11	153.849	0.042006	0.040408	1	0.181818		36	10	21	137.82	0.083716	0.077424	1	0.285714		36	10	41	139.95	0.179272	0.154096	1	0.390244		36	1	11	1147.57	0.007594	0.007628	0.909091	0.909091		36	1	21	394.958	0.015117	0.015212	0.619048	0.619048		36	1	41	144.942	0.030887	0.031091	0.658537	0.658537		36	3	11	316.934	0.015411	0.015093	1	1		36	3	21	130.977	0.030355	0.029053	0.904762	0.904762		36	3	41	174.353	0.063822	0.058328	0.317073	0.341463		36	5	11	138.94	0.023047	0.022361	0.909091	0.727273		36	5	21	141.149	0.046138	0.043216	0.190476	0.238095		36	5	41	150.62	0.09846	0.085734	0.292683	0.390244		36	7	11	168.737	0.031195	0.030171	1	1		36	7	21	133.743	0.061235	0.057042	0.428571	0.0952381		36	7	41	173.539	0.129057	0.11219	0.365854	0.365854		36	9	11	169.695	0.04056	0.039065	0.727273	0.454545		36	9	21	211.141	0.076236	0.070634	0.238095	0.190476		36	9	41	154.623	0.162457	0.139353	0.487805	0.292683
37	10	11	158.181	0.043329	0.041729	1	0.181818		37	10	21	149.02	0.085985	0.079563	1	0.285714		37	10	41	154.345	0.184256	0.158519	1	0.439024		37	1	11	1208.91	0.008108	0.008156	0.909091	0.909091		37	1	21	395.42	0.015557	0.015646	0.619048	0.619048		37	1	41	146.517	0.031722	0.031926	0.658537	0.658537		37	3	11	327.266	0.015901	0.015584	1	1		37	3	21	136.724	0.031247	0.02987	0.952381	0.952381		37	3	41	179.659	0.065494	0.059865	0.292683	0.317073		37	5	11	145.991	0.023526	0.022831	1	0.909091		37	5	21	150.114	0.047057	0.044121	0.238095	0.238095		37	5	41	155.81	0.101043	0.088099	0.268293	0.390244		37	7	11	178.157	0.031693	0.03074	1	1		37	7	21	137.416	0.06279	0.058489	0.428571	0.0952381		37	7	41	193.979	0.133048	0.115987	0.341463	0.365854		37	9	11	177.701	0.042077	0.040576	0.818182	0.454545		37	9	21	231.541	0.078362	0.07264	0.285714	0.238095		37	9	41	163.247	0.167108	0.143463	0.487805	0.341463
38	10	11	219.597	0.044356	0.042671	1	0.181818		38	10	21	157.29	0.08818	0.08161	1	0.285714		38	10	41	159.811	0.189464	0.162849	1	0.536585		38	1	11	1270.24	0.008198	0.008241	0.909091	0.909091		38	1	21	456.848	0.015891	0.015978	0.619048	0.619048		38	1	41	148.273	0.032652	0.032828	0.658537	0.658537		38	3	11	388.67	0.016325	0.01597	1	1		38	3	21	140.577	0.032055	0.030695	1	1		38	3	41	188.953	0.068302	0.062477	0.292683	0.341463		38	5	11	150.069	0.0242	0.0235	1	0.909091		38	5	21	172.743	0.048275	0.04532	0.190476	0.238095		38	5	41	163.055	0.101411	0.089892	0.243902	0.365854		38	7	11	181.62	0.032753	0.031683	1	1		38	7	21	149.535	0.064653	0.060283	0.428571	0.047619		38	7	41	202.777	0.135749	0.118193	0.390244	0.414634		38	9	11	196.488	0.042514	0.040928	0.818182	0.454545		38	9	21	237.994	0.080293	0.074508	0.333333	0.285714		38	9	41	170.811	0.170234	0.147058	0.463415	0.341463
39	10	11	225.442	0.045502	0.04382	1	0.0909091		39	10	21	162.515	0.090547	0.083962	1	0.285714		39	10	41	166.319	0.194302	0.167266	1	0.536585		39	1	11	1331.8	0.008317	0.008342	0.909091	0.909091		39	1	21	456.992	0.016318	0.016406	0.619048	0.619048		39	1	41	150.5	0.03335	0.033495	0.658537	0.658537		39	3	11	390.292	0.016621	0.016284	1	1		39	3	21	145.658	0.032889	0.031462	1	1		39	3	41	196.415	0.069202	0.063282	0.317073	0.341463		39	5	11	171.097	0.024819	0.024108	1	0.909091		39	5	21	178.908	0.049513	0.046505	0.190476	0.142857		39	5	41	179.944	0.103722	0.092148	0.219512	0.390244		39	7	11	186.175	0.033565	0.032532	1	1		39	7	21	153.012	0.06853	0.063877	0.47619	0.047619		39	7	41	208.606	0.139037	0.121401	0.414634	0.414634		39	9	11	199.595	0.044659	0.042982	0.727273	0.454545		39	9	21	241.67	0.082291	0.076305	0.285714	0.285714		39	9	41	175.975	0.174675	0.151017	0.463415	0.292683
40	10	11	232.988	0.046827	0.045062	1	0.0909091		40	10	21	169.613	0.093029	0.086272	1	0.285714		40	10	41	176.53	0.199304	0.171547	1	0.512195		40	1	11	1393.4	0.0083	0.008332	0.909091	0.909091		40	1	21	457.044	0.016788	0.016884	0.619048	0.619048		40	1	41	150.553	0.034204	0.034296	0.658537	0.658537		40	3	11	451.697	0.017106	0.016783	1	1		40	3	21	151.497	0.033757	0.032321	1	1		40	3	41	201.005	0.070907	0.064736	0.292683	0.341463		40	5	11	173.646	0.025546	0.024782	1	0.909091		40	5	21	196.818	0.050675	0.047612	0.190476	0.190476		40	5	41	183.837	0.106365	0.094526	0.243902	0.414634		40	7	11	193.204	0.034459	0.033298	1	1		40	7	21	165.001	0.067354	0.062759	0.47619	0.047619		40	7	41	212.743	0.142783	0.124736	0.414634	0.463415		40	9	11	212.192	0.045337	0.043776	0.727273	0.454545		40	9	21	253.942	0.084616	0.078588	0.285714	0.238095		40	9	41	207.155	0.178682	0.154741	0.487805	0.341463
41	10	11	244.646	0.047816	0.046076	1	0.0909091		41	10	21	198.107	0.095027	0.088182	1	0.285714		41	10	41	183.851	0.203546	0.175846	1	0.609756		41	1	11	1455.3	0.008719	0.008764	0.909091	0.909091		41	1	21	460.403	0.017173	0.01727	0.619048	0.619048		41	1	41	150.807	0.03493	0.0351	0.658537	0.658537		41	3	11	513.1	0.017448	0.017086	1	1		41	3	21	153.771	0.034489	0.032989	1	1		41	3	41	229.224	0.0727	0.066569	0.317073	0.317073		41	5	11	176.993	0.026172	0.025438	1	1		41	5	21	206.921	0.051885	0.048816	0.190476	0.190476		41	5	41	189.177	0.108735	0.096697	0.292683	0.439024		41	7	11	202.365	0.035402	0.03424	1	1		41	7	21	176.724	0.069613	0.0649	0.47619	0.047619		41	7	41	216.07	0.14623	0.127787	0.463415	0.390244		41	9	11	233.719	0.046758	0.045052	0.727273	0.454545		41	9	21	274.633	0.086502	0.080416	0.333333	0.190476		41	9	41	211.707	0.183921	0.159355	0.487805	0.365854
42	10	11	249.492	0.048926	0.04719	1	0.0909091		42	10	21	206.513	0.097405	0.090357	1	0.285714		42	10	41	187.231	0.208128	0.18002	1	0.658537		42	1	11	1517.3	0.008883	0.008935	0.909091	0.909091		42	1	21	521.856	0.017482	0.017557	0.666667	0.666667		42	1	41	212.228	0.035716	0.035849	0.658537	0.658537		42	3	11	574.522	0.017912	0.017564	1	1		42	3	21	157.019	0.035296	0.033805	1	1		42	3	41	232.96	0.073715	0.067577	0.317073	0.317073		42	5	11	179.399	0.026623	0.025877	1	1		42	5	21	210.091	0.053235	0.049989	0.238095	0.238095		42	5	41	200.168	0.111812	0.099026	0.365854	0.414634		42	7	11	207.921	0.036013	0.034861	1	1		42	7	21	184.238	0.070696	0.065973	0.52381	0.047619		42	7	41	222.126	0.149304	0.130657	0.463415	0.390244		42	9	11	237.9	0.048241	0.04659	0.727273	0.454545		42	9	21	282.436	0.088979	0.082462	0.333333	0.190476		42	9	41	218.31	0.188513	0.163499	0.487805	0.317073
43	10	11	257.927	0.050106	0.048324	1	0.0909091		43	10	21	210.046	0.099472	0.0924	1	0.285714		43	10	41	194.239	0.213237	0.184535	1	0.609756		43	1	11	1579.55	0.009401	0.00945	0.909091	0.909091		43	1	21	523.381	0.017899	0.017991	0.666667	0.666667		43	1	41	212.9	0.036614	0.03679	0.658537	0.658537		43	3	11	591.255	0.018403	0.018044	1	1		43	3	21	174.944	0.036459	0.034922	1	1		43	3	41	241.361	0.075583	0.069375	0.341463	0.365854		43	5	11	182.281	0.027335	0.026582	1	0.909091		43	5	21	216.08	0.054428	0.051191	0.238095	0.238095		43	5	41	208.654	0.114378	0.101453	0.341463	0.414634		43	7	11	215.009	0.03665	0.035449	1	1		43	7	21	191.111	0.072658	0.06783	0.47619	0.047619		43	7	41	254.218	0.15287	0.134085	0.439024	0.463415		43	9	11	249.98	0.049232	0.047658	0.727273	0.454545		43	9	21	285.251	0.091314	0.084426	0.333333	0.142857		43	9	41	227.9	0.191576	0.166315	0.487805	0.341463
44	10	11	262.348	0.051604	0.049788	1	0.0909091		44	10	21	221.271	0.102143	0.094695	1	0.380952		44	10	41	210.473	0.217508	0.188422	1	0.658537		44	1	11	1641.84	0.009906	0.009951	0.909091	0.909091		44	1	21	528.152	0.018356	0.018451	0.619048	0.619048		44	1	41	213.806	0.03725	0.037401	0.658537	0.658537		44	3	11	652.665	0.018679	0.018328	1	1		44	3	21	179.431	0.037399	0.03584	1	1		44	3	41	245.702	0.077148	0.070924	0.365854	0.341463		44	5	11	196.463	0.028065	0.027293	1	1		44	5	21	219.884	0.055553	0.052361	0.238095	0.238095		44	5	41	226.894	0.117906	0.104754	0.414634	0.414634		44	7	11	222.303	0.038094	0.036873	1	1		44	7	21	196.878	0.074294	0.069408	0.47619	0.0952381		44	7	41	268.669	0.15622	0.137072	0.487805	0.463415		44	9	11	254.089	0.050712	0.048941	0.727273	0.454545		44	9	21	306.365	0.092703	0.08619	0.285714	0.190476		44	9	41	232.282	0.196045	0.170274	0.512195	0.390244
45	10	11	267.321	0.052538	0.050682	1	0		45	10	21	232.677	0.104236	0.096722	1	0.333333		45	10	41	216.757	0.221948	0.19248	1	0.560976		45	1	11	1704.2	0.009629	0.009688	0.909091	0.909091		45	1	21	589.584	0.018844	0.018924	0.619048	0.619048		45	1	41	226.349	0.038194	0.038399	0.658537	0.658537		45	3	11	655.747	0.019139	0.018761	1	1		45	3	21	186.695	0.037725	0.03616	1	1		45	3	41	278.559	0.078786	0.072561	0.365854	0.317073		45	5	11	234.862	0.028605	0.027805	1	1		45	5	21	231.875	0.056863	0.05358	0.238095	0.238095		45	5	41	230.399	0.119682	0.106262	0.390244	0.414634		45	7	11	224.441	0.038683	0.037499	1	1		45	7	21	203.483	0.075853	0.070944	0.47619	0.0952381		45	7	41	275.301	0.15956	0.140095	0.463415	0.463415		45	9	11	264.151	0.052389	0.050471	0.727273	0.454545		45	9	21	311.743	0.094905	0.08826	0.285714	0.190476		45	9	41	259.201	0.200251	0.17419	0.512195	0.341463
46	10	11	282.265	0.053594	0.051701	1	0		46	10	21	237.242	0.106558	0.098933	1	0.333333		46	10	41	224.425	0.226936	0.197052	1	0.609756		46	1	11	1766.53	0.010126	0.01018	0.909091	0.909091		46	1	21	651.044	0.019103	0.0192	0.619048	0.619048		46	1	41	230.01	0.039002	0.039133	0.634146	0.634146		46	3	11	656.97	0.019632	0.019252	1	1		46	3	21	201.547	0.038545	0.037002	1	1		46	3	41	283.558	0.080466	0.074094	0.365854	0.292683		46	5	11	237.233	0.029405	0.028615	1	1		46	5	21	240.987	0.057914	0.054594	0.285714	0.333333		46	5	41	241.289	0.121288	0.108182	0.414634	0.439024		46	7	11	237.774	0.039764	0.038517	1	1		46	7	21	230.256	0.078172	0.073126	0.571429	0.190476		46	7	41	281.216	0.162738	0.143052	0.463415	0.487805		46	9	11	269.274	0.052865	0.051033	0.727273	0.454545		46	9	21	315.869	0.096671	0.089836	0.285714	0.190476		46	9	41	265.388	0.204469	0.177987	0.536585	0.341463
47	10	11	294.904	0.054893	0.052934	1	0.0909091		47	10	21	254.332	0.108753	0.10106	1	0.380952		47	10	41	240.068	0.232597	0.202021	1	0.585366		47	1	11	1828.77	0.009728	0.009776	0.909091	0.909091		47	1	21	661.801	0.019467	0.019567	0.761905	0.761905		47	1	41	291.449	0.039877	0.040031	0.634146	0.634146		47	3	11	718.37	0.020023	0.019669	1	1		47	3	21	205.631	0.039428	0.037834	1	1		47	3	41	289.195	0.082214	0.075776	0.317073	0.341463		47	5	11	240.181	0.029798	0.029023	1	1		47	5	21	243.811	0.059198	0.055806	0.285714	0.428571		47	5	41	246.434	0.124038	0.110763	0.414634	0.414634		47	7	11	245.851	0.04057	0.039272	1	1		47	7	21	234.282	0.078951	0.073824	0.52381	0.238095		47	7	41	308.816	0.166373	0.146371	0.463415	0.487805		47	9	11	299.139	0.054388	0.052454	0.727273	0.454545		47	9	21	339.727	0.098915	0.092024	0.285714	0.142857		47	9	41	272.036	0.208335	0.181581	0.512195	0.414634
48	10	11	300.458	0.055939	0.054009	1	0.0909091		48	10	21	257.555	0.11102	0.103222	1	0.333333		48	10	41	254.538	0.237197	0.20624	1	0.560976		48	1	11	1892.02	0.009754	0.009802	0.909091	0.909091		48	1	21	666.778	0.019823	0.019914	0.666667	0.666667		48	1	41	292.935	0.040606	0.0408	0.634146	0.634146		48	3	11	729.925	0.02043	0.020054	1	1		48	3	21	219.79	0.040107	0.038477	1	1		48	3	41	300.313	0.0842	0.077389	0.317073	0.317073		48	5	11	244.887	0.030391	0.029565	1	1		48	5	21	257.761	0.060782	0.057261	0.285714	0.380952		48	5	41	257.335	0.126275	0.112773	0.390244	0.390244		48	7	11	255.022	0.041366	0.040115	1	1		48	7	21	245.381	0.080788	0.075523	0.571429	0.238095		48	7	41	321.973	0.170992	0.149879	0.487805	0.487805		48	9	11	304.763	0.055053	0.053085	0.818182	0.454545		48	9	21	344.553	0.100933	0.094026	0.380952	0.0952381		48	9	41	281.27	0.212722	0.185518	0.512195	0.439024
49	10	11	309.482	0.057078	0.055112	1	0.181818		49	10	21	263.859	0.113368	0.105475	1	0.333333		49	10	41	261.8	0.241775	0.210413	1	0.585366		49	1	11	1954.74	0.010275	0.010307	0.909091	0.909091		49	1	21	667.401	0.02027	0.020378	0.714286	0.714286		49	1	41	354.379	0.041358	0.041568	0.634146	0.634146		49	3	11	757.919	0.020751	0.020371	1	1		49	3	21	223.49	0.04098	0.039353	1	1		49	3	41	319.246	0.086633	0.079755	0.341463	0.341463		49	5	11	250.712	0.031087	0.030249	1	1		49	5	21	270.486	0.062299	0.058664	0.285714	0.285714		49	5	41	269.513	0.129354	0.115709	0.439024	0.365854		49	7	11	260.158	0.042347	0.04102	1	1		49	7	21	258.97	0.082515	0.077186	0.571429	0.380952		49	7	41	328.082	0.173958	0.152648	0.463415	0.536585		49	9	11	312.987	0.055382	0.053593	0.818182	0.454545		49	9	21	355.236	0.103671	0.096564	0.380952	0.238095		49	9	41	291.038	0.217141	0.18959	0.536585	0.414634
50	10	11	323.499	0.058259	0.056243	1	0.181818		50	10	21	276.913	0.115718	0.107489	1	0.380952		50	10	41	276.054	0.246097	0.214409	1	0.682927		50	1	11	2017.29	0.010608	0.010663	0.909091	0.909091		50	1	21	671.718	0.020669	0.020792	0.761905	0.761905		50	1	41	415.801	0.042089	0.042314	0.634146	0.634146		50	3	11	819.305	0.021888	0.021505	1	1		50	3	21	226.953	0.041888	0.0402	1	1		50	3	41	326.828	0.08713	0.080288	0.341463	0.341463		50	5	11	259.34	0.031789	0.030942	1	1		50	5	21	274.107	0.0631	0.059547	0.285714	0.238095		50	5	41	277.918	0.132012	0.117981	0.390244	0.414634		50	7	11	265.853	0.043285	0.041914	1	1		50	7	21	270.16	0.084012	0.078636	0.571429	0.285714		50	7	41	342.038	0.177138	0.155432	0.463415	0.560976		50	9	11	319.455	0.056926	0.055114	0.818182	0.454545		50	9	21	367.803	0.105366	0.098192	0.380952	0.190476		50	9	41	298.369	0.221104	0.1933	0.560976	0.439024
51	10	11	330.456	0.059611	0.05758	1	0.181818		51	10	21	301.709	0.117871	0.109645	1	0.333333		51	10	41	281.061	0.250847	0.218903	1	0.658537		51	1	11	2079.96	0.010751	0.010803	0.909091	0.909091		51	1	21	733.156	0.021068	0.021186	0.761905	0.761905		51	1	41	477.223	0.04288	0.043021	0.634146	0.634146		51	3	11	838.974	0.021674	0.021292	1	1		51	3	21	229.897	0.042571	0.04092	1	1		51	3	41	337.368	0.088825	0.08185	0.365854	0.365854		51	5	11	261.684	0.032396	0.03155	1	1		51	5	21	288.75	0.064291	0.060749	0.285714	0.190476		51	5	41	285.879	0.134455	0.120352	0.365854	0.439024		51	7	11	269.69	0.044161	0.042773	1	1		51	7	21	275.499	0.085622	0.080116	0.47619	0.285714		51	7	41	354.848	0.181192	0.159204	0.512195	0.536585		51	9	11	324.628	0.059973	0.057957	0.818182	0.454545		51	9	21	399.66	0.107209	0.100018	0.380952	0.238095		51	9	41	308.686	0.225281	0.197118	0.609756	0.512195
52	10	11	335.345	0.060767	0.058721	1	0.181818		52	10	21	363.134	0.120649	0.111913	1	0.285714		52	10	41	288.322	0.255672	0.223043	1	0.756098		52	1	11	2141.62	0.010674	0.010727	0.909091	0.909091		52	1	21	794.594	0.021547	0.021664	0.761905	0.761905		52	1	41	484.708	0.043713	0.043907	0.634146	0.634146		52	3	11	900.424	0.022019	0.021614	1	1		52	3	21	231.575	0.043312	0.04164	1	1		52	3	41	349.385	0.090348	0.08328	0.365854	0.390244		52	5	11	264.596	0.033	0.032138	1	1		52	5	21	308.462	0.065426	0.061707	0.285714	0.238095		52	5	41	293.295	0.137742	0.122935	0.390244	0.414634		52	7	11	289.763	0.044541	0.043177	1	1		52	7	21	297.123	0.087431	0.081772	0.571429	0.285714		52	7	41	358.45	0.183223	0.161661	0.536585	0.512195		52	9	11	334.944	0.059365	0.057513	0.818182	0.454545		52	9	21	403.074	0.10945	0.102062	0.428571	0.285714		52	9	41	320.224	0.23051	0.201117	0.609756	0.560976
53	10	11	347.965	0.061492	0.05941	1	0.181818		53	10	21	367.889	0.12255	0.113753	1	0.380952		53	10	41	302.669	0.260644	0.227645	1	0.804878		53	1	11	2203.3	0.010843	0.010899	0.909091	0.909091		53	1	21	798.875	0.022267	0.022376	0.714286	0.714286		53	1	41	546.137	0.044584	0.04478	0.634146	0.634146		53	3	11	961.909	0.022413	0.022005	1	1		53	3	21	235.269	0.044285	0.042549	1	1		53	3	41	357.349	0.093615	0.086436	0.365854	0.439024		53	5	11	265.936	0.033676	0.032807	1	1		53	5	21	313.737	0.067206	0.063421	0.285714	0.333333		53	5	41	305.425	0.139604	0.124719	0.390244	0.414634		53	7	11	294.657	0.045645	0.044296	1	1		53	7	21	300.592	0.089196	0.083524	0.571429	0.333333		53	7	41	405.205	0.187087	0.165234	0.512195	0.487805		53	9	11	341.183	0.061256	0.059389	0.818182	0.454545		53	9	21	411.031	0.111319	0.103747	0.428571	0.190476		53	9	41	334.62	0.235312	0.205571	0.634146	0.560976
54	10	11	359.47	0.062537	0.060417	1	0.181818		54	10	21	376.471	0.124348	0.115844	1	0.333333		54	10	41	325.53	0.266537	0.232155	1	0.829268		54	1	11	2264.93	0.011013	0.011069	0.909091	0.909091		54	1	21	799.308	0.022322	0.022429	0.761905	0.761905		54	1	41	565.459	0.045397	0.045586	0.609756	0.609756		54	3	11	1023.36	0.022944	0.022533	1	1		54	3	21	242.386	0.044996	0.043227	1	1		54	3	41	365.872	0.094902	0.087455	0.341463	0.463415		54	5	11	265.988	0.03414	0.033233	1	1		54	5	21	318.115	0.067788	0.064097	0.238095	0.333333		54	5	41	311.075	0.14226	0.127254	0.414634	0.463415		54	7	11	298.947	0.046125	0.044744	1	1		54	7	21	308.446	0.090821	0.085155	0.619048	0.190476		54	7	41	410.342	0.190463	0.16771	0.536585	0.512195		54	9	11	347.967	0.06032	0.058264	0.818182	0.454545		54	9	21	426.633	0.113331	0.105674	0.47619	0.142857		54	9	41	342.213	0.239068	0.208762	0.609756	0.609756
55	10	11	367.178	0.063822	0.061701	1	0.181818		55	10	21	395.641	0.126601	0.118109	1	0.333333		55	10	41	329.534	0.270483	0.235888	1	0.804878		55	1	11	2327.18	0.011155	0.011212	0.909091	0.909091		55	1	21	860.757	0.022722	0.022832	0.761905	0.761905		55	1	41	626.875	0.046171	0.046423	0.609756	0.609756		55	3	11	1024.33	0.023296	0.022871	1	1		55	3	21	244.292	0.045839	0.044024	1	1		55	3	41	373.852	0.095366	0.088086	0.341463	0.463415		55	5	11	267.074	0.035003	0.034089	1	1		55	5	21	325.309	0.068767	0.06505	0.285714	0.380952		55	5	41	320.308	0.144365	0.129195	0.365854	0.512195		55	7	11	305.603	0.048181	0.046721	1	1		55	7	21	321.188	0.092093	0.086373	0.571429	0.238095		55	7	41	421.984	0.19412	0.170838	0.536585	0.585366		55	9	11	391.067	0.061061	0.059132	0.818182	0.454545		55	9	21	488.042	0.11551	0.107831	0.47619	0.190476		55	9	41	348.812	0.243505	0.212802	0.634146	0.585366
56	10	11	372.972	0.065075	0.062916	1	0.272727		56	10	21	402.363	0.129051	0.120339	1	0.333333		56	10	41	346.184	0.275048	0.23996	1	0.829268		56	1	11	2389.16	0.011317	0.011374	0.909091	0.909091		56	1	21	922.176	0.023005	0.023092	0.761905	0.761905		56	1	41	688.314	0.046907	0.04715	0.609756	0.609756		56	3	11	1085.8	0.023861	0.023387	1	1		56	3	21	250.514	0.046656	0.044832	1	1		56	3	41	385.705	0.096811	0.089436	0.341463	0.439024		56	5	11	267.572	0.03539	0.034476	1	1		56	5	21	331.178	0.070012	0.066196	0.285714	0.428571		56	5	41	335.686	0.147861	0.132206	0.414634	0.560976		56	7	11	312.947	0.048476	0.046946	1	1		56	7	21	330.233	0.094169	0.088277	0.571429	0.333333		56	7	41	442.569	0.19772	0.174229	0.560976	0.585366		56	9	11	399.36	0.063057	0.061101	0.818182	0.454545		56	9	21	495.597	0.117406	0.10962	0.47619	0.190476		56	9	41	355.968	0.24755	0.216647	0.609756	0.536585
57	10	11	377.818	0.066256	0.064021	1	0.272727		57	10	21	408.062	0.131443	0.122604	1	0.285714		57	10	41	367.77	0.280272	0.244491	1	0.853659		57	1	11	2450.95	0.011538	0.011598	0.909091	0.909091		57	1	21	983.612	0.023571	0.023681	0.857143	0.857143		57	1	41	699.505	0.047725	0.047957	0.682927	0.682927		57	3	11	1088.55	0.024454	0.023962	1	1		57	3	21	253.856	0.04744	0.045594	1	1		57	3	41	389.9	0.098648	0.091129	0.414634	0.463415		57	5	11	328.979	0.036139	0.035206	1	1		57	5	21	337.154	0.071146	0.067298	0.285714	0.380952		57	5	41	347.043	0.149711	0.134177	0.365854	0.585366		57	7	11	317.929	0.048971	0.047495	1	1		57	7	21	336.891	0.095925	0.089887	0.52381	0.333333		57	7	41	450.923	0.200863	0.177186	0.512195	0.560976		57	9	11	402.463	0.06452	0.062652	0.818182	0.454545		57	9	21	503.42	0.120607	0.112594	0.52381	0.190476		57	9	41	361.566	0.251866	0.220644	0.634146	0.585366
58	10	11	412.242	0.067361	0.065122	1	0.181818		58	10	21	423.623	0.133362	0.124481	1	0.285714		58	10	41	400.225	0.284891	0.248666	1	0.926829		58	1	11	2512.78	0.011695	0.011755	0.909091	0.909091		58	1	21	1045.05	0.023957	0.024083	0.809524	0.809524		58	1	41	717.65	0.048877	0.049045	0.658537	0.658537		58	3	11	1150	0.024661	0.02422	1	1		58	3	21	255.911	0.048263	0.046367	1	1		58	3	41	423.057	0.101051	0.093442	0.390244	0.439024		58	5	11	330.477	0.036736	0.035769	1	1		58	5	21	345.889	0.072699	0.068807	0.238095	0.428571		58	5	41	360.352	0.152094	0.136501	0.390244	0.609756		58	7	11	325.557	0.050245	0.048726	1	1		58	7	21	348.075	0.098398	0.092301	0.52381	0.333333		58	7	41	465.053	0.203412	0.180177	0.536585	0.609756		58	9	11	407.611	0.068842	0.066296	0.818182	0.454545		58	9	21	509.265	0.121734	0.113745	0.52381	0.333333		58	9	41	374.23	0.256017	0.22448	0.609756	0.585366
59	10	11	425.984	0.068469	0.066224	1	0.181818		59	10	21	430.693	0.13596	0.127002	1	0.285714		59	10	41	404.411	0.289417	0.252828	1	0.926829		59	1	11	2574.8	0.011967	0.012027	0.909091	0.909091		59	1	21	1106.47	0.024349	0.024461	0.809524	0.809524		59	1	41	779.066	0.049504	0.049713	0.658537	0.658537		59	3	11	1211.47	0.024867	0.024423	1	1		59	3	21	264.912	0.049036	0.047164	1	1		59	3	41	427.337	0.101993	0.094318	0.365854	0.439024		59	5	11	391.867	0.037452	0.036486	1	1		59	5	21	359.043	0.073955	0.069961	0.238095	0.380952		59	5	41	366.198	0.154396	0.138752	0.463415	0.609756		59	7	11	330.518	0.051231	0.049725	1	1		59	7	21	353.243	0.099811	0.093814	0.47619	0.333333		59	7	41	481.074	0.206599	0.183031	0.536585	0.609756		59	9	11	421.032	0.068496	0.06592	0.818182	0.454545		59	9	21	519.009	0.124284	0.116137	0.52381	0.285714		59	9	41	384.215	0.259911	0.228008	0.609756	0.609756
60	10	11	431.033	0.069925	0.067619	1	0.272727		60	10	21	438.153	0.138004	0.128912	1	0.47619		60	10	41	412.158	0.293983	0.256967	1	0.902439		60	1	11	2636.66	0.012166	0.012227	0.909091	0.909091		60	1	21	1167.92	0.024718	0.024807	0.761905	0.761905		60	1	41	840.466	0.050367	0.050536	0.658537	0.658537		60	3	11	1212.45	0.02553	0.025081	1	1		60	3	21	266.044	0.049933	0.047962	1	1		60	3	41	437.183	0.103825	0.095929	0.390244	0.390244		60	5	11	395.315	0.037763	0.036837	1	1		60	5	21	420.542	0.075218	0.071228	0.238095	0.333333		60	5	41	372.365	0.156965	0.140801	0.463415	0.634146		60	7	11	342.312	0.05259	0.050926	1	1		60	7	21	409.547	0.100874	0.094805	0.47619	0.333333		60	7	41	488.743	0.210655	0.186379	0.560976	0.560976		60	9	11	426.612	0.067894	0.06532	0.818182	0.454545		60	9	21	523.7	0.125888	0.117687	0.47619	0.238095		60	9	41	390.922	0.263352	0.230876	0.585366	0.585366
61	10	11	438.51	0.070899	0.068528	1	0.272727		61	10	21	446.881	0.139998	0.130836	1	0.47619		61	10	41	431.933	0.298883	0.261338	1	0.926829		61	1	11	2698.19	0.012283	0.012342	0.909091	0.909091		61	1	21	1229.32	0.025179	0.025289	0.761905	0.761905		61	1	41	901.859	0.051325	0.051432	0.658537	0.658537		61	3	11	1273.92	0.025829	0.025366	1	0.909091		61	3	21	266.501	0.050748	0.048817	1	1		61	3	41	447.543	0.105237	0.097341	0.414634	0.463415		61	5	11	456.702	0.03855	0.037589	1	1		61	5	21	424.71	0.076212	0.072174	0.238095	0.428571		61	5	41	385.996	0.159767	0.143452	0.512195	0.609756		61	7	11	348.415	0.053199	0.051622	1	1		61	7	21	414.691	0.102573	0.096349	0.52381	0.380952		61	7	41	494.729	0.216628	0.191777	0.560976	0.609756		61	9	11	444.082	0.071819	0.069727	0.818182	0.454545		61	9	21	551.324	0.128426	0.119905	0.52381	0.285714		61	9	41	407.625	0.268678	0.235846	0.609756	0.560976
62	10	11	444.167	0.072089	0.069788	1	0.0909091		62	10	21	454.106	0.142405	0.13313	1	0.47619		62	10	41	493.932	0.305755	0.267532	1	0.95122		62	1	11	2759.88	0.012525	0.012589	0.909091	0.909091		62	1	21	1290.75	0.025422	0.025548	0.761905	0.761905		62	1	41	963.265	0.05185	0.05207	0.658537	0.658537		62	3	11	1282.77	0.026152	0.02569	1	0.909091		62	3	21	266.559	0.051533	0.049546	1	1		62	3	41	453.288	0.107252	0.09905	0.390244	0.487805		62	5	11	460.042	0.039037	0.038048	1	1		62	5	21	445.171	0.078627	0.074432	0.190476	0.333333		62	5	41	399.398	0.162201	0.146114	0.487805	0.609756		62	7	11	370.417	0.054117	0.052511	1	1		62	7	21	422.272	0.104168	0.097869	0.52381	0.428571		62	7	41	507.773	0.218259	0.193195	0.585366	0.609756		62	9	11	451.23	0.070567	0.068607	0.909091	0.454545		62	9	21	556.659	0.130003	0.121627	0.52381	0.333333		62	9	41	468.991	0.272521	0.239435	0.609756	0.512195
63	10	11	449.775	0.073421	0.071019	1	0.181818		63	10	21	468.921	0.144734	0.135307	1	0.428571		63	10	41	505.785	0.309068	0.270467	1	0.926829		63	1	11	2821.7	0.013078	0.013149	0.909091	0.909091		63	1	21	1352.19	0.025908	0.026018	0.761905	0.761905		63	1	41	965.381	0.052967	0.053191	0.658537	0.658537		63	3	11	1344.24	0.026416	0.025956	1	0.909091		63	3	21	267.691	0.052232	0.050232	1	1		63	3	41	478.451	0.11131	0.102878	0.439024	0.512195		63	5	11	460.953	0.039655	0.038682	1	1		63	5	21	460.617	0.079043	0.074858	0.190476	0.333333		63	5	41	415.326	0.166193	0.14954	0.487805	0.609756		63	7	11	372.247	0.054746	0.053186	1	1		63	7	21	445.409	0.105569	0.099199	0.571429	0.428571		63	7	41	527.107	0.221872	0.196599	0.560976	0.609756		63	9	11	454.567	0.072611	0.070403	0.909091	0.454545		63	9	21	569.871	0.131805	0.123349	0.52381	0.333333		63	9	41	498.13	0.277086	0.243567	0.634146	0.512195
64	10	11	454.545	0.074476	0.072085	1	0.181818		64	10	21	488.663	0.146884	0.137407	1	0.428571		64	10	41	511.121	0.313129	0.274455	1	0.878049		64	1	11	2883.48	0.013244	0.013307	0.909091	0.909091		64	1	21	1413.61	0.026225	0.026388	0.761905	0.761905		64	1	41	1026.8	0.053725	0.053939	0.658537	0.658537		64	3	11	1344.29	0.026956	0.026501	1	0.909091		64	3	21	329.1	0.05314	0.051112	1	1		64	3	41	487.902	0.139044	0.124955	0.439024	0.512195		64	5	11	464.004	0.040414	0.039415	1	1		64	5	21	468.024	0.080129	0.075874	0.238095	0.333333		64	5	41	437.511	0.170243	0.153331	0.487805	0.585366		64	7	11	384.694	0.055602	0.053982	1	1		64	7	21	454.684	0.106955	0.10054	0.619048	0.428571		64	7	41	540.717	0.223132	0.198361	0.585366	0.609756		64	9	11	459.488	0.070438	0.067381	0.909091	0.454545		64	9	21	583.605	0.134614	0.125895	0.52381	0.333333		64	9	41	509.463	0.281645	0.247652	0.658537	0.536585
65	10	11	467.886	0.075092	0.072741	1	0.181818		65	10	21	499.311	0.148997	0.139554	1	0.47619		65	10	41	523.971	0.317558	0.279443	1	0.878049		65	1	11	2945.45	0.013259	0.013323	0.909091	0.909091		65	1	21	1475.02	0.026622	0.026751	0.714286	0.714286		65	1	41	1088.22	0.054525	0.054705	0.658537	0.658537		65	3	11	1405.77	0.027533	0.027049	1	0.909091		65	3	21	390.495	0.053954	0.051953	1	1		65	3	41	494.591	0.113344	0.105126	0.439024	0.512195		65	5	11	525.415	0.041071	0.040021	1	1		65	5	21	475.158	0.081005	0.076896	0.333333	0.380952		65	5	41	450.582	0.170843	0.15409	0.487805	0.609756		65	7	11	388.507	0.056458	0.054752	1	1		65	7	21	460.587	0.108288	0.102105	0.571429	0.571429		65	7	41	547.325	0.226732	0.20181	0.609756	0.634146		65	9	11	468.275	0.071546	0.069417	0.909091	0.454545		65	9	21	617.262	0.135738	0.127317	0.571429	0.285714		65	9	41	515.363	0.283767	0.25054	0.658537	0.609756
66	10	11	472.961	0.076384	0.073921	1	0.181818		66	10	21	506.916	0.1513	0.141514	1	0.47619		66	10	41	536.313	0.322594	0.283587	1	0.853659		66	1	11	3007.39	0.013294	0.01336	0.909091	0.909091		66	1	21	1536.42	0.026932	0.027045	0.809524	0.809524		66	1	41	1149.65	0.055389	0.055625	0.658537	0.658537		66	3	11	1467.25	0.027867	0.027386	1	1		66	3	21	451.867	0.05497	0.052894	1	1		66	3	41	502.592	0.114745	0.106046	0.487805	0.536585		66	5	11	579.24	0.041863	0.040835	1	1		66	5	21	492.415	0.082606	0.078388	0.333333	0.380952		66	5	41	466.003	0.173771	0.156369	0.512195	0.707317		66	7	11	396.147	0.057352	0.055655	1	1		66	7	21	468.832	0.110576	0.1041	0.571429	0.571429		66	7	41	552.557	0.230127	0.204622	0.585366	0.634146		66	9	11	478.33	0.071866	0.069677	0.909091	0.454545		66	9	21	629.749	0.138475	0.129639	0.571429	0.380952		66	9	41	522.014	0.290081	0.255945	0.682927	0.512195
67	10	11	494.22	0.077492	0.075003	1	0.0909091		67	10	21	514.377	0.153729	0.143908	1	0.380952		67	10	41	549.147	0.326647	0.287443	1	0.878049		67	1	11	3069.84	0.013467	0.013535	0.909091	0.909091		67	1	21	1597.85	0.027483	0.027565	0.809524	0.809524		67	1	41	1211.07	0.056585	0.056803	0.658537	0.658537		67	3	11	1490.14	0.028193	0.027717	1	1		67	3	21	513.232	0.055486	0.05341	1	1		67	3	41	514.626	0.117045	0.108226	0.463415	0.512195		67	5	11	640.615	0.042284	0.041255	1	1		67	5	21	495.935	0.083354	0.079077	0.333333	0.380952		67	5	41	471.965	0.175528	0.157811	0.487805	0.707317		67	7	11	399.081	0.057924	0.05629	1	1		67	7	21	475.99	0.113126	0.10654	0.571429	0.52381		67	7	41	575.205	0.233571	0.207875	0.609756	0.634146		67	9	11	492.414	0.075465	0.073259	0.909091	0.454545		67	9	21	634.341	0.140234	0.131254	0.619048	0.47619		67	9	41	544.242	0.293468	0.259237	0.682927	0.536585
68	10	11	500.122	0.078717	0.076188	1	0.0909091		68	10	21	522.832	0.156124	0.146125	1	0.428571		68	10	41	559.696	0.331047	0.291306	1	0.878049		68	1	11	3131.66	0.013655	0.013718	0.909091	0.909091		68	1	21	1659.28	0.027837	0.027953	0.809524	0.809524		68	1	41	1214.07	0.057249	0.057503	0.658537	0.658537		68	3	11	1490.75	0.028785	0.028323	1	1		68	3	21	514.099	0.056222	0.054131	1	1		68	3	41	526.75	0.119232	0.110492	0.439024	0.512195		68	5	11	650.136	0.042854	0.041839	1	1		68	5	21	503.059	0.08473	0.080423	0.333333	0.428571		68	5	41	486.691	0.178416	0.16053	0.609756	0.707317		68	7	11	404.722	0.058772	0.057082	1	1		68	7	21	490.968	0.11529	0.108719	0.571429	0.47619		68	7	41	589.133	0.237431	0.211295	0.682927	0.658537		68	9	11	500.55	0.077266	0.074914	0.909091	0.454545		68	9	21	644.183	0.142046	0.133076	0.571429	0.428571		68	9	41	572.273	0.297412	0.262474	0.682927	0.609756
69	10	11	504.482	0.07995	0.077461	1	0.0909091		69	10	21	537.554	0.15829	0.148227	1	0.52381		69	10	41	576.935	0.338236	0.297749	1	0.902439		69	1	11	3193.69	0.013853	0.01392	0.909091	0.909091		69	1	21	1720.72	0.028244	0.028358	0.809524	0.809524		69	1	41	1220.91	0.057839	0.058128	0.658537	0.658537		69	3	11	1552.24	0.029311	0.028812	1	1		69	3	21	575.471	0.056963	0.054932	1	1		69	3	41	532.309	0.12166	0.112786	0.414634	0.487805		69	5	11	661.463	0.043586	0.042529	1	1		69	5	21	516.539	0.086113	0.081658	0.380952	0.428571		69	5	41	493.405	0.181737	0.163466	0.658537	0.682927		69	7	11	407.806	0.059234	0.057574	1	1		69	7	21	496.211	0.115021	0.108347	0.714286	0.52381		69	7	41	599.094	0.239944	0.213546	0.658537	0.731707		69	9	11	504.744	0.074393	0.072111	0.909091	0.454545		69	9	21	655.029	0.144455	0.135425	0.571429	0.428571		69	9	41	587.4	0.302431	0.267041	0.682927	0.609756
70	10	11	524.365	0.08085	0.078285	1	0.0909091		70	10	21	551.05	0.160474	0.150326	1	0.428571		70	10	41	591.614	0.343071	0.30136	1	0.902439		70	1	11	3255.77	0.014052	0.014119	0.909091	0.909091		70	1	21	1782.16	0.028894	0.029031	0.809524	0.809524		70	1	41	1221.89	0.058809	0.059049	0.658537	0.658537		70	3	11	1554.53	0.029515	0.028996	1	1		70	3	21	636.851	0.057998	0.055859	1	1		70	3	41	544.72	0.121761	0.112876	0.487805	0.463415		70	5	11	722.865	0.044247	0.043174	1	1		70	5	21	521.762	0.087494	0.083112	0.47619	0.380952		70	5	41	501.275	0.182674	0.164191	0.658537	0.731707		70	7	11	411.004	0.060048	0.058352	1	1		70	7	21	504.62	0.118641	0.112005	0.666667	0.619048		70	7	41	612.835	0.244324	0.217316	0.682927	0.731707		70	9	11	513.28	0.07628	0.073976	0.909091	0.454545		70	9	21	668.44	0.146627	0.137516	0.619048	0.428571		70	9	41	601.145	0.308145	0.271741	0.682927	0.609756
71	10	11	530.175	0.083735	0.081089	1	0.0909091		71	10	21	560.332	0.163154	0.152682	1	0.47619		71	10	41	597.785	0.34957	0.306804	1	0.926829		71	1	11	3317.92	0.014268	0.014339	0.909091	0.909091		71	1	21	1843.58	0.029351	0.029473	0.809524	0.809524		71	1	41	1283.3	0.059363	0.059611	0.658537	0.658537		71	3	11	1555.17	0.030113	0.029601	1	1		71	3	21	638.848	0.058787	0.056633	1	1		71	3	41	549.748	0.123126	0.11435	0.536585	0.439024		71	5	11	724.982	0.044877	0.043765	1	1		71	5	21	531.293	0.088657	0.084233	0.428571	0.380952		71	5	41	513.162	0.185551	0.167012	0.609756	0.731707		71	7	11	412.889	0.060833	0.059153	1	1		71	7	21	520.472	0.118892	0.111879	0.619048	0.571429		71	7	41	624.419	0.246642	0.219619	0.682927	0.682927		71	9	11	524.334	0.080803	0.078221	0.909091	0.454545		71	9	21	675.974	0.148946	0.139736	0.619048	0.428571		71	9	41	607.625	0.31289	0.276038	0.731707	0.634146
72	10	11	535.973	0.08364	0.080971	1	0.0909091		72	10	21	577.344	0.164873	0.154624	1	0.52381		72	10	41	613.408	0.353594	0.310951	1	0.878049		72	1	11	3380.43	0.014434	0.014506	0.909091	0.909091		72	1	21	1904.99	0.030081	0.030202	0.857143	0.857143		72	1	41	1285.25	0.059695	0.059961	0.658537	0.658537		72	3	11	1556.51	0.030472	0.029959	1	1		72	3	21	648.01	0.059506	0.057326	1	1		72	3	41	562.181	0.12472	0.115467	0.560976	0.487805		72	5	11	735.577	0.045567	0.044462	1	1		72	5	21	538.352	0.089901	0.085464	0.428571	0.380952		72	5	41	518.378	0.187171	0.169088	0.658537	0.731707		72	7	11	425.298	0.062588	0.060865	1	1		72	7	21	534.901	0.120787	0.11407	0.619048	0.571429		72	7	41	630.87	0.250983	0.22365	0.682927	0.634146		72	9	11	530.109	0.080111	0.077782	0.909091	0.454545		72	9	21	737.359	0.150168	0.141024	0.619048	0.47619		72	9	41	619.655	0.31638	0.278745	0.731707	0.658537
73	10	11	544.391	0.085086	0.082419	1	0.272727		73	10	21	632.933	0.16706	0.156683	1	0.571429		73	10	41	622.041	0.35804	0.314658	1	0.853659		73	1	11	3443.16	0.014655	0.014723	0.909091	0.909091		73	1	21	1966.4	0.029862	0.030003	0.857143	0.857143		73	1	41	1346.68	0.060567	0.060885	0.658537	0.658537		73	3	11	1617.98	0.03132	0.030789	1	1		73	3	21	709.383	0.060129	0.05795	1	1		73	3	41	580.989	0.125725	0.116615	0.585366	0.487805		73	5	11	796.952	0.046077	0.044946	1	1		73	5	21	545.667	0.090861	0.086235	0.47619	0.380952		73	5	41	535.849	0.189621	0.171445	0.634146	0.682927		73	7	11	427.371	0.063538	0.061792	1	1		73	7	21	542.132	0.122164	0.115179	0.666667	0.619048		73	7	41	645.427	0.253983	0.226512	0.707317	0.634146		73	9	11	541.977	0.085757	0.082871	0.909091	0.454545		73	9	21	744.023	0.152394	0.143166	0.619048	0.571429		73	9	41	629.55	0.321099	0.283144	0.731707	0.707317
74	10	11	551.221	0.086245	0.083624	1	0.181818		74	10	21	639.581	0.169606	0.159109	1	0.666667		74	10	41	635.946	0.361693	0.318671	1	0.926829		74	1	11	3504.92	0.014945	0.01501	0.909091	0.909091		74	1	21	2027.81	0.030252	0.030385	0.857143	0.857143		74	1	41	1408.12	0.061337	0.061628	0.658537	0.658537		74	3	11	1618.75	0.031161	0.030617	1	1		74	3	21	770.727	0.061227	0.058989	1	1		74	3	41	590.746	0.127811	0.118652	0.560976	0.536585		74	5	11	799.977	0.046761	0.045636	1	1		74	5	21	550.698	0.092385	0.087693	0.428571	0.380952		74	5	41	556.766	0.193322	0.17477	0.634146	0.731707		74	7	11	429.476	0.064199	0.062448	1	1		74	7	21	579.311	0.124909	0.117494	0.714286	0.619048		74	7	41	656.53	0.259116	0.23055	0.707317	0.658537		74	9	11	555.622	0.084948	0.082946	0.909091	0.454545		74	9	21	753.792	0.154368	0.144929	0.619048	0.619048		74	9	41	641.916	0.324333	0.286236	0.780488	0.731707
75	10	11	556.918	0.087648	0.084967	1	0.0909091		75	10	21	650.17	0.171766	0.161184	1	0.666667		75	10	41	645.094	0.371655	0.327223	1	0.95122		75	1	11	3566.19	0.015088	0.015161	1	1		75	1	21	2089.13	0.030598	0.030703	0.857143	0.857143		75	1	41	1469.54	0.062099	0.062346	0.658537	0.658537		75	3	11	1631.14	0.031644	0.031107	1	1		75	3	21	832.085	0.061733	0.059496	1	1		75	3	41	597.312	0.131573	0.121925	0.512195	0.487805		75	5	11	801.823	0.047378	0.046234	1	1		75	5	21	602.345	0.093432	0.088782	0.380952	0.285714		75	5	41	561.976	0.195833	0.177055	0.634146	0.707317		75	7	11	430.263	0.065341	0.063583	1	1		75	7	21	589.646	0.12582	0.118241	0.714286	0.666667		75	7	41	676.837	0.261422	0.232659	0.707317	0.658537		75	9	11	558.649	0.085017	0.082554	0.909091	0.454545		75	9	21	769.164	0.157459	0.147883	0.619048	0.714286		75	9	41	648.182	0.328185	0.289754	0.804878	0.731707
76	10	11	592.372	0.088396	0.085627	1	0.272727		76	10	21	657.062	0.174295	0.163409	1	0.714286		76	10	41	653.488	0.37004	0.326157	1	0.95122		76	1	11	3627.68	0.015228	0.015298	1	1		76	1	21	2150.57	0.031065	0.031213	0.904762	0.904762		76	1	41	1470.63	0.063177	0.06346	0.658537	0.658537		76	3	11	1692.65	0.03204	0.031518	1	1		76	3	21	893.441	0.062772	0.060491	1	1		76	3	41	605.607	0.133986	0.124269	0.512195	0.536585		76	5	11	863.206	0.048041	0.046896	1	1		76	5	21	608.642	0.094847	0.090201	0.380952	0.333333		76	5	41	576.567	0.197005	0.17814	0.682927	0.804878		76	7	11	430.322	0.065932	0.064122	1	1		76	7	21	594.25	0.126798	0.119675	0.666667	0.571429		76	7	41	681.411	0.264103	0.235676	0.731707	0.707317		76	9	11	583.285	0.083726	0.081243	0.909091	0.545455		76	9	21	776.596	0.159292	0.149666	0.619048	0.714286		76	9	41	673.822	0.334938	0.295847	0.804878	0.731707
77	10	11	603.038	0.089191	0.086486	1	0.272727		77	10	21	674.066	0.176322	0.165428	1	0.809524		77	10	41	696.328	0.373756	0.329235	1	0.95122		77	1	11	3688.86	0.015423	0.015495	0.909091	0.909091		77	1	21	2212.02	0.03155	0.031688	0.904762	0.904762		77	1	41	1532.03	0.064329	0.064541	0.658537	0.658537		77	3	11	1754.11	0.032574	0.032025	1	1		77	3	21	894.485	0.063676	0.061386	1	1		77	3	41	654.031	0.136602	0.126494	0.512195	0.609756		77	5	11	866.205	0.048704	0.047555	1	1		77	5	21	611.315	0.096289	0.091514	0.428571	0.47619		77	5	41	584.497	0.20021	0.181249	0.707317	0.804878		77	7	11	430.739	0.066084	0.064317	1	1		77	7	21	606.93	0.128259	0.121088	0.714286	0.809524		77	7	41	697.528	0.267857	0.239073	0.756098	0.731707		77	9	11	588.034	0.089914	0.087126	0.909091	0.454545		77	9	21	790.945	0.160363	0.15072	0.666667	0.761905		77	9	41	684.52	0.335596	0.296786	0.829268	0.756098
78	10	11	607.762	0.091032	0.088297	1	0.272727		78	10	21	686.284	0.178504	0.167575	1	0.857143		78	10	41	706.934	0.379106	0.333917	1	0.95122		78	1	11	3749.84	0.015622	0.015694	0.909091	0.909091		78	1	21	2273.46	0.031932	0.03203	0.809524	0.809524		78	1	41	1593.42	0.064564	0.064881	0.658537	0.658537		78	3	11	1756.59	0.032802	0.032238	1	1		78	3	21	895.835	0.064531	0.062223	1	1		78	3	41	673.994	0.134928	0.125282	0.585366	0.658537		78	5	11	867.766	0.049166	0.048012	1	1		78	5	21	626.74	0.098122	0.093264	0.47619	0.47619		78	5	41	601.482	0.202476	0.183228	0.780488	0.731707		78	7	11	492.428	0.067264	0.065341	1	1		78	7	21	647.816	0.130077	0.122715	0.809524	0.809524		78	7	41	708.735	0.270541	0.241446	0.731707	0.707317		78	9	11	597.767	0.088553	0.085943	0.909091	0.545455		78	9	21	809.72	0.163378	0.153576	0.714286	0.761905		78	9	41	696.745	0.340554	0.301131	0.829268	0.780488
79	10	11	619.459	0.092062	0.089271	1	0.272727		79	10	21	691.131	0.180952	0.169857	1	0.809524		79	10	41	718.846	0.384521	0.338922	1	0.95122		79	1	11	3810.82	0.01584	0.015913	0.909091	0.909091		79	1	21	2334.91	0.032314	0.03243	0.809524	0.809524		79	1	41	1593.62	0.065872	0.066048	0.682927	0.682927		79	3	11	1818.07	0.033215	0.032669	1	1		79	3	21	899.685	0.065279	0.062965	1	1		79	3	41	682.084	0.136321	0.126683	0.731707	0.658537		79	5	11	929.165	0.049702	0.048492	1	1		79	5	21	636.168	0.09851	0.093606	0.571429	0.571429		79	5	41	627.173	0.205187	0.185783	0.756098	0.731707		79	7	11	495.145	0.068128	0.066229	1	1		79	7	21	655.228	0.131882	0.124433	0.809524	0.714286		79	7	41	729.188	0.274308	0.244842	0.731707	0.731707		79	9	11	603.391	0.090229	0.087337	0.909091	0.545455		79	9	21	815.262	0.164633	0.154836	0.714286	0.761905		79	9	41	713.835	0.345728	0.305983	0.829268	0.804878
80	10	11	625.353	0.093234	0.090415	1	0.272727		80	10	21	752.539	0.183598	0.172384	1	0.809524		80	10	41	730.99	0.388017	0.342141	1	0.95122		80	1	11	3871.84	0.016005	0.016079	0.909091	0.909091		80	1	21	2396.36	0.032611	0.032745	0.809524	0.809524		80	1	41	1593.67	0.066353	0.066591	0.658537	0.658537		80	3	11	1879.54	0.03371	0.033147	1	1		80	3	21	907.262	0.065979	0.063613	1	1		80	3	41	687.382	0.136694	0.126961	0.682927	0.707317		80	5	11	990.542	0.050674	0.049461	1	1		80	5	21	647.108	0.099753	0.094662	0.571429	0.571429		80	5	41	646.879	0.208413	0.188755	0.756098	0.707317		80	7	11	497.018	0.068732	0.066904	1	1		80	7	21	666.237	0.133404	0.12587	0.857143	0.809524		80	7	41	747.44	0.27811	0.248376	0.756098	0.780488		80	9	11	611.111	0.090713	0.088052	0.909091	0.545455		80	9	21	827.213	0.167058	0.157155	0.761905	0.714286		80	9	41	723.65	0.349005	0.308704	0.853659	0.756098
81	10	11	635.386	0.094231	0.091336	1	0.363636		81	10	21	763.477	0.18558	0.174223	1	0.857143		81	10	41	742.9	0.392391	0.346238	1	0.97561		81	1	11	3933	0.016257	0.01634	0.909091	0.909091		81	1	21	2457.84	0.033176	0.033297	0.857143	0.857143		81	1	41	1655.07	0.06689	0.067134	0.682927	0.682927		81	3	11	1890.06	0.034103	0.033538	1	1		81	3	21	909.4	0.067088	0.064622	1	0.952381		81	3	41	693.876	0.140986	0.130954	0.707317	0.731707		81	5	11	1014.88	0.051305	0.050093	1	1		81	5	21	652.089	0.101804	0.096629	0.571429	0.571429		81	5	41	666.322	0.21064	0.190878	0.780488	0.707317		81	7	11	498.249	0.070779	0.068876	1	1		81	7	21	672.661	0.135462	0.127717	0.809524	0.761905		81	7	41	754.456	0.280658	0.250675	0.780488	0.780488		81	9	11	621.244	0.093128	0.090299	0.909091	0.545455		81	9	21	837.01	0.168415	0.158394	0.714286	0.809524		81	9	41	729.134	0.35484	0.313991	0.853659	0.804878
82	10	11	640.232	0.094897	0.091996	1	0.454545		82	10	21	771.771	0.187329	0.17608	1	0.857143		82	10	41	749.253	0.396053	0.349398	1	0.97561		82	1	11	3994.38	0.016419	0.016476	1	1		82	1	21	2519.29	0.033466	0.033603	0.857143	0.857143		82	1	41	1655.36	0.06802	0.068375	0.682927	0.682927		82	3	11	1951.52	0.034467	0.033885	1	1		82	3	21	970.745	0.067812	0.065411	1	0.952381		82	3	41	702.341	0.143918	0.133645	0.731707	0.780488		82	5	11	1076.27	0.051778	0.050549	1	1		82	5	21	661.445	0.102353	0.0973	0.619048	0.571429		82	5	41	671.895	0.213199	0.192637	0.804878	0.731707		82	7	11	499.498	0.071214	0.069265	1	1		82	7	21	691.967	0.140798	0.132993	0.809524	0.761905		82	7	41	787.409	0.285569	0.255171	0.780488	0.756098		82	9	11	626.133	0.096979	0.094146	0.909091	0.545455		82	9	21	854.324	0.170803	0.160672	0.714286	0.809524		82	9	41	741.91	0.357777	0.316824	0.853659	0.853659
83	10	11	644.566	0.09581	0.092965	1	0.363636		83	10	21	785.808	0.189763	0.178356	1	0.857143		83	10	41	769.649	0.401103	0.354351	1	0.97561		83	1	11	4056.51	0.016598	0.016677	1	1		83	1	21	2580.73	0.033978	0.034146	0.857143	0.857143		83	1	41	1656.85	0.068637	0.068911	0.682927	0.682927		83	3	11	1957.68	0.034815	0.034247	1	1		83	3	21	1008.16	0.068526	0.066064	1	0.952381		83	3	41	711.937	0.144815	0.134594	0.707317	0.780488		83	5	11	1081.29	0.052507	0.051255	1	1		83	5	21	669.773	0.103546	0.098523	0.571429	0.619048		83	5	41	683.51	0.215834	0.19509	0.804878	0.756098		83	7	11	500.489	0.072581	0.070657	1	1		83	7	21	713.693	0.13835	0.130577	0.857143	0.761905		83	7	41	798.868	0.291444	0.260701	0.829268	0.756098		83	9	11	630.678	0.097452	0.094782	0.909091	0.545455		83	9	21	864.413	0.173229	0.163069	0.714286	0.714286		83	9	41	760.579	0.362937	0.321526	0.853659	0.878049
84	10	11	664.693	0.097941	0.095034	1	0.545455		84	10	21	794.808	0.192384	0.180919	1	0.857143		84	10	41	781.394	0.405974	0.358458	1	0.95122		84	1	11	4117.81	0.017249	0.017332	1	1		84	1	21	2642.19	0.034339	0.034501	0.857143	0.857143		84	1	41	1718.24	0.069688	0.07001	0.682927	0.682927		84	3	11	2019.17	0.035538	0.034951	1	1		84	3	21	1009.8	0.06919	0.066719	1	1		84	3	41	718.768	0.146555	0.136446	0.780488	0.804878		84	5	11	1142.68	0.052886	0.051679	1	1		84	5	21	675.198	0.104896	0.099687	0.666667	0.619048		84	5	41	691.204	0.218611	0.197789	0.804878	0.756098		84	7	11	500.806	0.072768	0.070844	1	1		84	7	21	724.022	0.139985	0.13222	0.857143	0.714286		84	7	41	852.581	0.292239	0.261331	0.829268	0.804878		84	9	11	637.087	0.095499	0.092813	0.909091	0.545455		84	9	21	871.5	0.175311	0.164726	0.714286	0.809524		84	9	41	769.444	0.366809	0.32529	0.853659	0.878049
85	10	11	672.842	0.099857	0.096912	1	0.545455		85	10	21	801.623	0.194577	0.18287	1	0.857143		85	10	41	797.12	0.410913	0.362881	1	0.97561		85	1	11	4178.76	0.017031	0.017106	1	1		85	1	21	2703.65	0.034485	0.034644	0.857143	0.857143		85	1	41	1718.93	0.070321	0.070647	0.682927	0.682927		85	3	11	2080.62	0.035756	0.03522	1	1		85	3	21	1071.18	0.07035	0.067846	1	1		85	3	41	730.498	0.146258	0.13591	0.829268	0.756098		85	5	11	1151.58	0.053501	0.052267	1	1		85	5	21	680.109	0.106503	0.101163	0.714286	0.571429		85	5	41	728.319	0.221129	0.200094	0.804878	0.756098		85	7	11	562.307	0.074286	0.072312	1	1		85	7	21	729.153	0.141836	0.133949	0.857143	0.857143		85	7	41	865.116	0.295216	0.264223	0.804878	0.829268		85	9	11	642.883	0.096425	0.093426	0.909091	0.727273		85	9	21	932.951	0.177556	0.166916	0.714286	0.809524		85	9	41	785.922	0.370924	0.328808	0.853659	0.853659
86	10	11	678.525	0.102346	0.099281	1	0.636364		86	10	21	845.401	0.19695	0.185046	1	0.904762		86	10	41	809.54	0.41503	0.366575	1	0.926829		86	1	11	4239.02	0.017184	0.017258	1	1		86	1	21	2765.09	0.035089	0.035256	0.857143	0.857143		86	1	41	1723.89	0.071116	0.071505	0.682927	0.682927		86	3	11	2142.06	0.036283	0.035678	1	1		86	3	21	1132.54	0.071007	0.068534	1	1		86	3	41	735.353	0.147766	0.137307	0.853659	0.804878		86	5	11	1212.98	0.054106	0.052861	1	1		86	5	21	691.462	0.107061	0.101807	0.666667	0.619048		86	5	41	755.127	0.223148	0.202246	0.804878	0.804878		86	7	11	623.633	0.074256	0.072217	1	1		86	7	21	751.092	0.143246	0.135254	0.857143	0.809524		86	7	41	876.713	0.30059	0.268886	0.829268	0.853659		86	9	11	649.527	0.099719	0.096635	0.909091	0.636364		86	9	21	949.585	0.179703	0.168922	0.714286	0.809524		86	9	41	800.354	0.374996	0.33259	0.829268	0.853659
87	10	11	684.924	0.100646	0.097616	1	0.727273		87	10	21	857.275	0.199213	0.187115	1	0.952381		87	10	41	818.275	0.420431	0.371672	1	0.926829		87	1	11	4300.22	0.01745	0.017527	0.909091	0.909091		87	1	21	2826.53	0.035505	0.035644	0.857143	0.857143		87	1	41	1785.29	0.071866	0.072248	0.682927	0.682927		87	3	11	2203.56	0.036602	0.035971	1	1		87	3	21	1193.92	0.071646	0.069106	1	1		87	3	41	744.157	0.148585	0.138152	0.829268	0.804878		87	5	11	1214.12	0.054908	0.053665	1	1		87	5	21	698.559	0.109023	0.103659	0.714286	0.714286		87	5	41	760.785	0.22556	0.204594	0.804878	0.829268		87	7	11	633.357	0.07514	0.073048	1	1		87	7	21	759.397	0.145248	0.137075	0.904762	0.809524		87	7	41	890.665	0.302445	0.270692	0.804878	0.878049		87	9	11	653.023	0.09696	0.094233	0.909091	0.636364		87	9	21	958.706	0.181578	0.170663	0.714286	0.857143		87	9	41	823.319	0.378856	0.336257	0.829268	0.853659
88	10	11	703.896	0.101913	0.098816	1	0.727273		88	10	21	870.175	0.201253	0.18908	1	0.904762		88	10	41	833.531	0.425371	0.376327	1	0.926829		88	1	11	4361.03	0.017603	0.017679	0.909091	0.909091		88	1	21	2887.95	0.035804	0.036027	0.857143	0.857143		88	1	41	1846.64	0.072881	0.073176	0.682927	0.682927		88	3	11	2265.01	0.036949	0.036355	1	1		88	3	21	1195.64	0.072775	0.070167	1	1		88	3	41	756.361	0.153844	0.142924	0.829268	0.804878		88	5	11	1275.54	0.057124	0.055868	1	1		88	5	21	702.256	0.110149	0.104843	0.714286	0.666667		88	5	41	766.191	0.22728	0.206199	0.829268	0.829268		88	7	11	694.872	0.076272	0.074227	1	1		88	7	21	766.193	0.146396	0.138306	0.904762	0.904762		88	7	41	910.555	0.306896	0.275041	0.829268	0.878049		88	9	11	656.847	0.101089	0.098221	0.909091	0.727273		88	9	21	980.159	0.183618	0.172659	0.809524	0.904762		88	9	41	846.658	0.382712	0.339819	0.829268	0.853659
89	10	11	716.372	0.102861	0.099803	1	0.545455		89	10	21	909.983	0.203519	0.191244	1	0.952381		89	10	41	868.22	0.429991	0.380491	1	0.95122		89	1	11	4421.43	0.017825	0.017906	0.909091	0.909091		89	1	21	2949.38	0.03633	0.036501	0.857143	0.857143		89	1	41	1849.24	0.073776	0.0741	0.682927	0.682927		89	3	11	2326.48	0.037587	0.036981	1	1		89	3	21	1203.65	0.073708	0.071088	1	0.952381		89	3	41	775.288	0.155126	0.144244	0.853659	0.804878		89	5	11	1336.94	0.056254	0.054918	1	1		89	5	21	713.071	0.110523	0.10515	0.714286	0.666667		89	5	41	774.475	0.229356	0.208044	0.829268	0.829268		89	7	11	699.036	0.076099	0.074026	1	1		89	7	21	808.382	0.147651	0.139422	0.904762	0.952381		89	7	41	920.149	0.30953	0.277212	0.829268	0.853659		89	9	11	665.829	0.102536	0.099247	0.909091	0.727273		89	9	21	985.321	0.185574	0.174582	0.809524	0.904762		89	9	41	857.161	0.387603	0.344347	0.829268	0.756098
90	10	11	730.936	0.104481	0.101324	1	0.636364		90	10	21	917.76	0.206112	0.193578	1	0.952381		90	10	41	888.076	0.43341	0.384017	1	0.926829		90	1	11	4481.19	0.017979	0.018058	0.909091	0.909091		90	1	21	3010.81	0.036723	0.036887	0.904762	0.904762		90	1	41	1850.6	0.074591	0.074924	0.682927	0.682927		90	3	11	2387.93	0.037928	0.037296	1	1		90	3	21	1265.02	0.074098	0.071517	1	0.952381		90	3	41	782.569	0.155418	0.143918	0.853659	0.804878		90	5	11	1398.34	0.057145	0.055843	1	1		90	5	21	728.277	0.111963	0.106334	0.761905	0.714286		90	5	41	808.48	0.233522	0.211399	0.878049	0.878049		90	7	11	760.52	0.076959	0.074935	1	1		90	7	21	816.542	0.150009	0.141705	0.904762	0.952381		90	7	41	931.628	0.312795	0.279892	0.829268	0.829268		90	9	11	671.131	0.10032	0.097547	0.909091	0.727273		90	9	21	991.315	0.187812	0.176616	0.809524	0.904762		90	9	41	885.113	0.391816	0.348119	0.853659	0.804878
91	10	11	733.656	0.1051	0.10194	1	0.636364		91	10	21	926.29	0.208191	0.19567	1	1		91	10	41	899.395	0.439124	0.3893	1	0.97561		91	1	11	4540.68	0.018162	0.018244	0.909091	0.909091		91	1	21	3072.23	0.037118	0.037214	0.904762	0.904762		91	1	41	1911.95	0.075278	0.075607	0.682927	0.682927		91	3	11	2449.41	0.038431	0.037778	1	1		91	3	21	1267.89	0.075157	0.072556	1	0.952381		91	3	41	788.331	0.158122	0.146526	0.853659	0.804878		91	5	11	1403.33	0.058186	0.056807	1	1		91	5	21	739.37	0.113953	0.108306	0.714286	0.761905		91	5	41	827.232	0.235985	0.213775	0.853659	0.853659		91	7	11	822.396	0.078267	0.076186	1	1		91	7	21	824.917	0.151932	0.143472	0.952381	0.952381		91	7	41	949.07	0.318326	0.285166	0.853659	0.853659		91	9	11	673.506	0.104247	0.101069	0.909091	0.727273		91	9	21	1003.98	0.190198	0.179014	0.857143	0.904762		91	9	41	900.066	0.396924	0.352597	0.853659	0.804878
92	10	11	743.197	0.106341	0.103206	1	0.727273		92	10	21	941.406	0.210937	0.198188	1	1		92	10	41	919.181	0.442345	0.392112	1	0.95122		92	1	11	4600.23	0.01843	0.018512	0.909091	0.909091		92	1	21	3133.68	0.037471	0.037577	0.904762	0.904762		92	1	41	1973.3	0.076627	0.077003	0.682927	0.682927		92	3	11	2473.24	0.038709	0.038077	1	1		92	3	21	1329.24	0.075786	0.073133	1	0.952381		92	3	41	793.833	0.159607	0.14836	0.804878	0.780488		92	5	11	1464.7	0.058091	0.056731	1	1		92	5	21	743.579	0.11454	0.108945	0.809524	0.761905		92	5	41	860.205	0.237607	0.215709	0.853659	0.853659		92	7	11	832.114	0.078763	0.076661	1	1		92	7	21	831.089	0.153695	0.145153	0.952381	0.952381		92	7	41	957.642	0.320721	0.287618	0.853659	0.878049		92	9	11	677.213	0.10663	0.103726	0.909091	0.818182		92	9	21	1020.94	0.191517	0.180209	0.857143	0.904762		92	9	41	908.053	0.403313	0.358413	0.853659	0.804878
93	10	11	750.191	0.107681	0.10451	1	0.818182		93	10	21	1002.83	0.212642	0.199957	1	1		93	10	41	936.384	0.447311	0.3965	1	0.97561		93	1	11	4659.5	0.018599	0.018683	0.909091	0.909091		93	1	21	3195.13	0.037999	0.038167	0.904762	0.904762		93	1	41	1976.75	0.077262	0.07747	0.682927	0.682927		93	3	11	2534.73	0.039291	0.038648	1	1		93	3	21	1390.6	0.077012	0.074335	1	0.952381		93	3	41	806.1	0.160791	0.149524	0.829268	0.804878		93	5	11	1469.3	0.059786	0.058432	1	1		93	5	21	748.492	0.11603	0.110496	0.809524	0.714286		93	5	41	868.377	0.240627	0.218459	0.878049	0.902439		93	7	11	839.808	0.080041	0.077893	1	1		93	7	21	836.499	0.155615	0.147155	1	0.904762		93	7	41	966.943	0.327661	0.293789	0.853659	0.829268		93	9	11	684.686	0.104413	0.101332	0.909091	0.818182		93	9	21	1037.13	0.193525	0.18204	0.857143	0.952381		93	9	41	925.902	0.404555	0.359688	0.853659	0.804878
94	10	11	752.525	0.109045	0.105861	1	0.727273		94	10	21	1008.68	0.21512	0.202097	1	1		94	10	41	949.87	0.45308	0.401878	1	0.926829		94	1	11	4719.56	0.018777	0.018856	0.909091	0.909091		94	1	21	3256.56	0.038215	0.03842	0.904762	0.904762		94	1	41	2038.18	0.077848	0.078172	0.682927	0.682927		94	3	11	2596.25	0.039965	0.039331	1	1		94	3	21	1452.05	0.077593	0.074835	1	0.952381		94	3	41	813.793	0.160854	0.149799	0.829268	0.780488		94	5	11	1530.68	0.059409	0.058054	1	1		94	5	21	765.285	0.117343	0.111471	0.857143	0.761905		94	5	41	929.894	0.243605	0.221229	0.878049	0.902439		94	7	11	842.828	0.081452	0.079295	1	1		94	7	21	848.063	0.156878	0.148293	1	0.952381		94	7	41	978.254	0.328166	0.294172	0.878049	0.829268		94	9	11	686.923	0.102185	0.099385	0.909091	0.818182		94	9	21	1042.47	0.196025	0.184543	0.857143	1		94	9	41	938.209	0.40864	0.363441	0.853659	0.853659
95	10	11	760.042	0.109907	0.106697	1	1		95	10	21	1014.97	0.217659	0.204556	1	1		95	10	41	958.678	0.459736	0.407683	1	0.926829		95	1	11	4780.66	0.018943	0.01903	0.909091	0.909091		95	1	21	3318.01	0.038841	0.038999	0.904762	0.904762		95	1	41	2099.59	0.078775	0.079069	0.682927	0.682927		95	3	11	2657.71	0.040026	0.039366	1	1		95	3	21	1456.42	0.078387	0.075622	1	0.952381		95	3	41	833.471	0.167183	0.155734	0.853659	0.804878		95	5	11	1550.64	0.060701	0.059295	1	1		95	5	21	769.418	0.118285	0.112402	0.857143	0.809524		95	5	41	942.829	0.245802	0.223216	0.902439	0.95122		95	7	11	904.784	0.082787	0.080674	1	1		95	7	21	861.379	0.158362	0.149748	1	0.952381		95	7	41	991.039	0.335503	0.300875	0.878049	0.780488		95	9	11	689.915	0.109165	0.105901	0.909091	0.818182		95	9	21	1079.82	0.197958	0.186361	0.904762	1		95	9	41	956.932	0.413717	0.368256	0.902439	0.878049
96	10	11	767.652	0.111042	0.107793	1	0.909091		96	10	21	1031.65	0.219919	0.206899	1	1		96	10	41	972.863	0.46327	0.410625	1	0.95122		96	1	11	4840.89	0.019194	0.019279	0.909091	0.909091		96	1	21	3379.45	0.039101	0.039284	0.904762	0.904762		96	1	41	2161.01	0.079739	0.080009	0.682927	0.682927		96	3	11	2719.16	0.040343	0.03969	1	1		96	3	21	1517.8	0.07904	0.076225	1	0.952381		96	3	41	841.05	0.164472	0.152964	0.853659	0.829268		96	5	11	1557.25	0.061259	0.059828	1	1		96	5	21	777.283	0.11972	0.11436	0.904762	0.809524		96	5	41	952.247	0.248192	0.225331	0.926829	0.902439		96	7	11	966.98	0.083553	0.081317	1	1		96	7	21	875.675	0.160094	0.151439	1	1		96	7	41	1004.84	0.336126	0.301455	0.878049	0.804878		96	9	11	694.55	0.107398	0.104523	0.909091	0.909091		96	9	21	1091.21	0.20024	0.188484	1	1		96	9	41	978.612	0.417375	0.371478	0.902439	0.902439
97	10	11	777.436	0.112039	0.10877	1	1		97	10	21	1039.69	0.222293	0.209125	1	1		97	10	41	1000.63	0.468255	0.415297	1	1		97	1	11	4900.3	0.019812	0.019902	0.909091	0.909091		97	1	21	3440.88	0.039468	0.039613	0.809524	0.809524		97	1	41	2222.4	0.080157	0.080471	0.682927	0.682927		97	3	11	2780.63	0.040957	0.040305	1	1		97	3	21	1579.16	0.079805	0.077065	1	0.952381		97	3	41	845.08	0.165281	0.153694	0.853659	0.804878		97	5	11	1618.65	0.061232	0.059855	1	1		97	5	21	780.689	0.120714	0.11493	0.857143	0.761905		97	5	41	961.761	0.251553	0.228613	0.95122	0.853659		97	7	11	973.066	0.08506	0.082818	1	1		97	7	21	883.838	0.16131	0.152556	1	1		97	7	41	1022.79	0.33815	0.303493	0.878049	0.780488		97	9	11	695.443	0.108917	0.105442	0.909091	0.909091		97	9	21	1104.45	0.202347	0.190438	1	1		97	9	41	985.685	0.421724	0.375388	0.902439	0.902439
98	10	11	781.85	0.113816	0.110239	1	1		98	10	21	1101.13	0.224005	0.210762	1	1		98	10	41	1007.04	0.470756	0.417752	1	0.97561		98	1	11	4959.75	0.020522	0.02062	0.909091	0.909091		98	1	21	3502.32	0.03998	0.040192	0.809524	0.809524		98	1	41	2271.29	0.080771	0.081086	0.658537	0.658537		98	3	11	2814.9	0.041205	0.040577	1	1		98	3	21	1640.5	0.080695	0.077931	1	0.952381		98	3	41	857.843	0.169492	0.157554	0.853659	0.731707		98	5	11	1623.26	0.062794	0.061423	1	1		98	5	21	787.584	0.121974	0.116179	0.904762	0.857143		98	5	41	979.508	0.254061	0.230697	0.95122	0.902439		98	7	11	973.848	0.085514	0.083176	1	1		98	7	21	902.38	0.16304	0.154226	1	0.952381		98	7	41	1034.39	0.345449	0.309925	0.926829	0.804878		98	9	11	695.502	0.108456	0.105607	0.909091	0.909091		98	9	21	1126.32	0.204071	0.192099	1	0.952381		98	9	41	993.611	0.42784	0.380413	0.926829	0.926829
99	10	11	810.318	0.114976	0.111522	1	1		99	10	21	1110.04	0.226354	0.213077	1	1		99	10	41	1051.34	0.475729	0.422111	1	0.97561		99	1	11	5019.33	0.020321	0.020412	0.909091	0.909091		99	1	21	3563.79	0.040424	0.040594	0.809524	0.809524		99	1	41	2332.69	0.08172	0.081997	0.658537	0.658537		99	3	11	2876.36	0.04167	0.040989	1	1		99	3	21	1701.85	0.081742	0.078878	1	1		99	3	41	863.306	0.171511	0.159703	0.853659	0.804878		99	5	11	1626.03	0.062735	0.061278	1	1		99	5	21	792.92	0.122937	0.116974	0.952381	0.904762		99	5	41	1010.26	0.256966	0.23352	0.97561	0.926829		99	7	11	978.008	0.086447	0.084194	1	1		99	7	21	911.321	0.164494	0.155551	1	1		99	7	41	1095.93	0.34459	0.309375	0.95122	0.878049		99	9	11	757.623	0.109118	0.105815	0.909091	0.909091		99	9	21	1144.26	0.206395	0.194487	1	0.952381		99	9	41	1017.6	0.434096	0.386318	0.926829	0.926829
100	10	11	813.334	0.115547	0.112197	1	1		100	10	21	1123.44	0.228907	0.215314	1	1		100	10	41	1062.14	0.480509	0.426844	1	1		100	1	11	5078.95	0.020078	0.020174	0.909091	0.909091		100	1	21	3625.25	0.040584	0.040778	0.809524	0.809524		100	1	41	2394.1	0.082461	0.082805	0.658537	0.658537		100	3	11	2880.77	0.042116	0.041442	1	1		100	3	21	1763.2	0.082389	0.079496	1	1		100	3	41	874.905	0.172809	0.160951	0.95122	0.878049		100	5	11	1627.86	0.063223	0.061729	1	1		100	5	21	794.913	0.124238	0.118332	0.952381	0.952381		100	5	41	1015.11	0.258689	0.234868	1	0.97561		100	7	11	981.617	0.08742	0.08516	1	1		100	7	21	918.052	0.166912	0.157998	1	1		100	7	41	1105.53	0.345319	0.309743	0.95122	0.902439		100	9	11	821.711	0.109984	0.106824	0.909091	0.909091		100	9	21	1152.21	0.208815	0.196726	1	1		100	9	41	1025.25	0.434621	0.386676	0.97561	0.95122
