k 	 samples 	  personas 	 tK 	 tTodos 	 tCentro 	 hitsTodos 	 hitsCentro 		k 	 samples 	  personas 	 tK 	 tTodos 	 tCentro 	 hitsTodos 	 hitsCentro 		k 	 samples 	  personas 	 tK 	 tTodos 	 tCentro 	 hitsTodos 	 hitsCentro 		k 	 samples 	  personas 	 tK 	 tTodos 	 tCentro 	 hitsTodos 	 hitsCentro 		k 	 samples 	  personas 	 tK 	 tTodos 	 tCentro 	 hitsTodos 	 hitsCentro 		k 	 samples 	  personas 	 tK 	 tTodos 	 tCentro 	 hitsTodos 	 hitsCentro 		k 	 samples 	  personas 	 tK 	 tTodos 	 tCentro 	 hitsTodos 	 hitsCentro 		k 	 samples 	  personas 	 tK 	 tTodos 	 tCentro 	 hitsTodos 	 hitsCentro 		k 	 samples 	  personas 	 tK 	 tTodos 	 tCentro 	 hitsTodos 	 hitsCentro 		k 	 samples 	  personas 	 tK 	 tTodos 	 tCentro 	 hitsTodos 	 hitsCentro 
1	10	21	11.1934	0.051036	0.054494	1	0.142857		1	1	21	0.0993162	0.017776	0.018375	0.238095	0.238095		1	2	21	0.348553	0.018981	0.01992	0.0952381	0.190476		1	3	21	0.812353	0.022382	0.023608	0.047619	0.047619		1	4	21	1.6727	0.026104	0.027635	0.047619	0.142857		1	5	21	2.70436	0.033323	0.035192	0	0		1	6	21	5.37779	0.034096	0.036185	0.142857	0		1	7	21	5.1939	0.036856	0.039272	0.047619	0		1	8	21	6.87777	0.040896	0.043608	0	0		1	9	21	8.8119	0.043422	0.046466	0.0952381	0.047619
2	10	21	11.2749	0.090818	0.094459	1	0.047619		2	1	21	0.112367	0.02242	0.023048	0.238095	0.238095		2	2	21	0.364884	0.029229	0.030191	0.285714	0.380952		2	3	21	0.83322	0.035769	0.037021	0.0952381	0		2	4	21	1.7006	0.043223	0.044849	0.047619	0.380952		2	5	21	2.74057	0.051213	0.053195	0.0952381	0.047619		2	6	21	5.42243	0.057398	0.059644	0.0952381	0		2	7	21	5.24816	0.064245	0.066817	0.047619	0.142857		2	8	21	6.93703	0.070927	0.073842	0.047619	0.047619		2	9	21	8.8834	0.078167	0.081453	0.142857	0.142857
3	10	21	11.5869	0.13241	0.136106	1	0		3	1	21	0.124243	0.029134	0.029799	0.285714	0.285714		3	2	21	0.396858	0.040182	0.041195	0.380952	0.428571		3	3	21	0.89659	0.049615	0.050944	0.0952381	0.047619		3	4	21	1.7671	0.060558	0.062222	0.238095	0.333333		3	5	21	2.81323	0.073616	0.075624	0	0		3	6	21	5.52734	0.081632	0.083935	0.0952381	0.142857		3	7	21	6.27193	0.093479	0.09618	0	0.047619		3	8	21	7.08406	0.100394	0.103356	0	0.047619		3	9	21	9.06533	0.118718	0.122134	0.047619	0.190476
4	10	21	11.9251	0.169177	0.173053	1	0.047619		4	1	21	0.140739	0.035703	0.036442	0.285714	0.285714		4	2	21	0.415279	0.050723	0.05177	0.333333	0.47619		4	3	21	0.930345	0.062898	0.064275	0.142857	0.142857		4	4	21	1.81908	0.077295	0.079037	0.333333	0.380952		4	5	21	2.92682	0.093539	0.095676	0	0		4	6	21	5.60541	0.104748	0.107141	0.142857	0.047619		4	7	21	6.37078	0.120807	0.123594	0	0.0952381		4	8	21	7.83403	0.132316	0.135467	0	0.047619		4	9	21	9.3453	0.153082	0.156634	0	0.047619
5	10	21	12.057	0.216999	0.221125	1	0.047619		5	1	21	0.15397	0.042974	0.043731	0.333333	0.333333		5	2	21	0.458724	0.060786	0.061862	0.428571	0.714286		5	3	21	0.978464	0.077242	0.078706	0.142857	0.047619		5	4	21	1.86342	0.095849	0.09772	0.285714	0.428571		5	5	21	2.99025	0.12347	0.12572	0	0		5	6	21	5.67615	0.126397	0.128966	0.0952381	0.047619		5	7	21	6.4559	0.152587	0.155508	0	0.0952381		5	8	21	7.91839	0.174191	0.177484	0.0952381	0		5	9	21	9.45844	0.2076	0.211349	0.142857	0.047619
6	10	21	12.172	0.256773	0.261101	1	0.047619		6	1	21	0.16575	0.049251	0.049996	0.333333	0.333333		6	2	21	0.477437	0.071703	0.072887	0.52381	0.714286		6	3	21	1.00874	0.092072	0.0936	0.142857	0.047619		6	4	21	1.917	0.113321	0.115269	0.428571	0.47619		6	5	21	3.03717	0.145574	0.147921	0.0952381	0		6	6	21	5.73831	0.153736	0.156365	0.190476	0.0952381		6	7	21	6.52625	0.176896	0.179968	0.047619	0.190476		6	8	21	8.00607	0.203798	0.207259	0.047619	0.047619		6	9	21	9.55982	0.246268	0.250191	0.190476	0.047619
7	10	21	12.7557	0.319277	0.323738	1	0.0952381		7	1	21	0.189458	0.059865	0.060671	0.285714	0.285714		7	2	21	0.516541	0.083953	0.085132	0.619048	0.761905		7	3	21	1.05953	0.107818	0.109371	0.190476	0.142857		7	4	21	1.96619	0.130512	0.132448	0.52381	0.47619		7	5	21	3.11292	0.167551	0.169978	0.0952381	0		7	6	21	5.91853	0.175159	0.177946	0.142857	0.0952381		7	7	21	6.71088	0.20886	0.21207	0.0952381	0.047619		7	8	21	8.87643	0.235337	0.238945	0	0.047619		7	9	21	9.84607	0.292819	0.296879	0.142857	0
8	10	21	12.9066	0.359598	0.36423	1	0.0952381		8	1	21	0.204153	0.064371	0.065167	0.285714	0.285714		8	2	21	0.550005	0.090721	0.091952	0.666667	0.761905		8	3	21	1.10665	0.119178	0.120813	0.238095	0		8	4	21	2.00875	0.145907	0.147951	0.47619	0.619048		8	5	21	3.16449	0.189181	0.191699	0.0952381	0		8	6	21	6.01247	0.198062	0.200865	0.190476	0.0952381		8	7	21	6.80392	0.245765	0.24916	0.0952381	0.047619		8	8	21	8.98046	0.26718	0.270873	0.047619	0.0952381		8	9	21	9.9771	0.347777	0.352015	0.190476	0
9	10	21	13.1592	0.390973	0.395684	1	0.047619		9	1	21	0.220529	0.07454	0.075372	0.285714	0.285714		9	2	21	0.598697	0.102479	0.103808	0.666667	0.761905		9	3	21	1.13512	0.138325	0.140044	0.142857	0		9	4	21	2.06262	0.176577	0.178732	0.714286	0.666667		9	5	21	3.36461	0.224725	0.22731	0.047619	0		9	6	21	6.09739	0.228918	0.23189	0.190476	0.0952381		9	7	21	7.54242	0.291307	0.294783	0.190476	0.047619		9	8	21	9.13573	0.30398	0.307745	0	0.0952381		9	9	21	10.2858	0.380599	0.384877	0.142857	0.047619
10	10	21	13.4593	0.461033	0.465933	1	0.0952381		10	1	21	0.237213	0.078246	0.079121	0.380952	0.380952		10	2	21	0.624251	0.118313	0.119685	0.714286	0.761905		10	3	21	1.17726	0.14958	0.15132	0.0952381	0		10	4	21	2.19241	0.187051	0.189309	0.619048	0.666667		10	5	21	3.48644	0.244212	0.246887	0.047619	0		10	6	21	6.18163	0.249642	0.252739	0.238095	0.190476		10	7	21	7.65503	0.311268	0.31485	0.190476	0.047619		10	8	21	9.45077	0.338855	0.343122	0.047619	0.0952381		10	9	21	10.5159	0.417847	0.422342	0.142857	0.047619
11	10	21	13.6666	0.471186	0.476166	1	0.047619		11	1	21	0.252539	0.090085	0.091005	0.428571	0.428571		11	2	21	0.646274	0.128133	0.129504	0.761905	0.761905		11	3	21	1.25811	0.176796	0.178635	0.190476	0.047619		11	4	21	2.24656	0.208028	0.210335	0.714286	0.666667		11	5	21	3.55058	0.291562	0.294349	0.0952381	0		11	6	21	6.31143	0.28121	0.28434	0.190476	0.190476		11	7	21	7.81901	0.348378	0.352154	0.142857	0.047619		11	8	21	9.61368	0.396663	0.401191	0.0952381	0		11	9	21	10.7131	0.501115	0.505755	0.0952381	0
12	10	21	13.8535	0.53638	0.541736	1	0		12	1	21	0.272859	0.108594	0.109581	0.428571	0.428571		12	2	21	0.675939	0.137636	0.139056	0.809524	0.809524		12	3	21	1.29132	0.193701	0.19564	0.190476	0		12	4	21	2.29977	0.218316	0.220697	0.761905	0.761905		12	5	21	3.7034	0.299682	0.302593	0.0952381	0		12	6	21	6.47232	0.307546	0.310834	0.238095	0.190476		12	7	21	7.91446	0.392221	0.396075	0.0952381	0.0952381		12	8	21	9.7379	0.411758	0.41599	0.0952381	0		12	9	21	10.8634	0.505351	0.510149	0.0952381	0.0952381
13	10	21	14.2401	0.699784	0.705289	1	0		13	1	21	0.286609	0.107577	0.108557	0.428571	0.428571		13	2	21	0.720377	0.150556	0.152018	0.714286	0.761905		13	3	21	1.38393	0.211002	0.213017	0.285714	0.047619		13	4	21	2.35274	0.228898	0.231272	0.809524	0.809524		13	5	21	3.77006	0.342039	0.345006	0.0952381	0.047619		13	6	21	6.57218	0.333354	0.336696	0.238095	0.047619		13	7	21	8.06357	0.436255	0.440184	0.142857	0.0952381		13	8	21	10.0541	0.437311	0.441632	0.0952381	0		13	9	21	11.0843	0.545372	0.550294	0.0952381	0.047619
14	10	21	14.5639	0.66267	0.668171	1	0.047619		14	1	21	0.425723	0.114337	0.115365	0.428571	0.428571		14	2	21	0.749299	0.159502	0.161024	0.761905	0.809524		14	3	21	1.43847	0.231197	0.233249	0.285714	0.0952381		14	4	21	2.42827	0.252212	0.254745	0.904762	0.761905		14	5	21	3.87817	0.361118	0.36424	0.0952381	0		14	6	21	6.78236	0.361909	0.365401	0.238095	0.047619		14	7	21	8.30357	0.45185	0.455936	0.142857	0.142857		14	8	21	10.227	0.485056	0.489587	0.190476	0		14	9	21	11.6137	0.593262	0.598428	0.142857	0.0952381
15	10	21	14.9457	0.714868	0.720495	1	0.047619		15	1	21	0.444049	0.12157	0.12261	0.428571	0.428571		15	2	21	0.813969	0.198886	0.200463	0.714286	0.761905		15	3	21	1.53695	0.26317	0.265283	0.285714	0.285714		15	4	21	2.58847	0.267003	0.269537	0.904762	0.809524		15	5	21	4.025	0.406934	0.410141	0.0952381	0.0952381		15	6	21	6.92675	0.411866	0.415459	0.190476	0.047619		15	7	21	8.56393	0.519866	0.524097	0.190476	0.142857		15	8	21	10.508	0.511321	0.516008	0.190476	0		15	9	21	11.8251	0.672496	0.677798	0.0952381	0.0952381
16	10	21	15.3253	0.771008	0.777218	1	0.047619		16	1	21	0.459344	0.140897	0.142051	0.428571	0.428571		16	2	21	0.841608	0.208382	0.21012	0.714286	0.761905		16	3	21	1.58817	0.262193	0.264476	0.333333	0.333333		16	4	21	2.78248	0.295837	0.29867	0.857143	0.904762		16	5	21	4.19937	0.430078	0.433572	0.142857	0.142857		16	6	21	7.12816	0.449315	0.453291	0.190476	0.142857		16	7	21	8.76333	0.547046	0.551663	0.0952381	0.190476		16	8	21	10.8434	0.525948	0.531043	0.238095	0		16	9	21	14.2701	0.714	0.719697	0.0952381	0.142857
17	10	21	15.7131	0.827682	0.83378	1	0.0952381		17	1	21	0.477389	0.151585	0.15271	0.428571	0.428571		17	2	21	0.877952	0.211609	0.213276	0.761905	0.857143		17	3	21	1.63014	0.301375	0.303609	0.285714	0.333333		17	4	21	2.8528	0.301993	0.304757	0.857143	0.904762		17	5	21	4.40587	0.479016	0.482362	0.0952381	0.142857		17	6	21	7.24921	0.490994	0.494853	0.238095	0.190476		17	7	21	9.32415	0.611268	0.615873	0.0952381	0.190476		17	8	21	11.1637	0.577465	0.5825	0.190476	0		17	9	21	14.5908	0.777085	0.782816	0.047619	0.142857
18	10	21	15.9366	0.913157	0.919724	1	0.047619		18	1	21	0.491732	0.160709	0.161867	0.428571	0.428571		18	2	21	0.941765	0.243701	0.245549	0.761905	0.857143		18	3	21	1.81107	0.298237	0.300667	0.380952	0.333333		18	4	21	2.94296	0.316888	0.319887	0.857143	0.904762		18	5	21	4.46449	0.508159	0.511822	0.142857	0.142857		18	6	21	7.45037	0.517068	0.521211	0.238095	0.0952381		18	7	21	9.48716	0.674509	0.679385	0.142857	0.142857		18	8	21	11.3619	0.634462	0.639861	0.238095	0.0952381		18	9	21	14.8004	0.830577	0.836634	0.047619	0.0952381
19	10	21	16.4289	1.00876	1.01563	1	0.0952381		19	1	21	0.503292	0.170255	0.171467	0.428571	0.428571		19	2	21	0.972494	0.243019	0.24488	0.761905	0.857143		19	3	21	1.91845	0.32689	0.329341	0.47619	0.380952		19	4	21	3.06788	0.335874	0.338957	0.857143	0.904762		19	5	21	4.63266	0.584232	0.588001	0.0952381	0.142857		19	6	21	7.64572	0.590537	0.594897	0.238095	0.190476		19	7	21	9.68169	0.775432	0.780469	0.047619	0.142857		19	8	21	11.5698	0.668184	0.673775	0.238095	0.142857		19	9	21	15.1302	0.878235	0.884579	0.0952381	0.142857
20	10	21	17.1926	1.02233	1.02937	1	0.238095		20	1	21	0.513014	0.171517	0.172768	0.428571	0.428571		20	2	21	1.14459	0.272184	0.27413	0.761905	0.857143		20	3	21	1.96288	0.317302	0.319807	0.47619	0.333333		20	4	21	3.21391	0.361451	0.364572	0.857143	0.904762		20	5	21	5.13187	0.586725	0.590606	0.047619	0.142857		20	6	21	7.96775	0.656708	0.661288	0.238095	0.142857		20	7	21	9.84141	0.732637	0.737826	0.047619	0.142857		20	8	21	12.2192	0.745228	0.750987	0.238095	0.142857		20	9	21	15.4918	0.97329	0.979692	0.0952381	0.142857
21	10	21	17.5292	1.11503	1.12225	1	0.238095		21	1	21	0.52508	0.18525	0.186513	0.428571	0.428571		21	2	21	1.1886	0.262236	0.264161	0.761905	0.857143		21	3	21	2.05275	0.341177	0.343784	0.428571	0.333333		21	4	21	3.36381	0.37836	0.381618	0.857143	0.904762		21	5	21	5.44529	0.640771	0.64472	0.142857	0.238095		21	6	21	8.21989	0.637479	0.642023	0.238095	0.0952381		21	7	21	10.1431	0.783284	0.788648	0.0952381	0.190476		21	8	21	12.5609	0.815896	0.821823	0.142857	0.0952381		21	9	21	15.7278	1.02343	1.03001	0.0952381	0.190476
22	10	21	18.1128	1.1198	1.12712	1	0.190476		22	1	21	0.543198	0.171368	0.17263	0.428571	0.428571		22	2	21	1.25905	0.320229	0.322294	0.761905	0.857143		22	3	21	2.10209	0.372668	0.375316	0.52381	0.428571		22	4	21	3.42886	0.391353	0.394644	0.857143	0.904762		22	5	21	5.60106	0.639332	0.643378	0.190476	0.142857		22	6	21	8.39376	0.70318	0.707726	0.238095	0.047619		22	7	21	10.3322	0.805501	0.810932	0.047619	0.285714		22	8	21	12.714	0.798632	0.804667	0.0952381	0.190476		22	9	21	16.2282	1.06429	1.07106	0.142857	0.142857
23	10	21	18.4221	1.17558	1.18309	1	0.238095		23	1	21	0.557351	0.216337	0.217651	0.428571	0.428571		23	2	21	1.29423	0.308552	0.310713	0.761905	0.857143		23	3	21	2.19744	0.40377	0.406469	0.619048	0.619048		23	4	21	3.76606	0.420659	0.424065	0.857143	0.904762		23	5	21	5.82249	0.68376	0.687908	0.142857	0.285714		23	6	21	8.48684	0.69901	0.703647	0.238095	0.047619		23	7	21	10.9504	0.920613	0.926228	0.047619	0.285714		23	8	21	14.5668	0.920991	0.927162	0.142857	0.190476		23	9	21	16.977	1.12644	1.13335	0.142857	0.142857
24	10	21	19.2556	1.2395	1.24724	1	0.142857		24	1	21	0.568878	0.217425	0.218801	0.428571	0.428571		24	2	21	1.33055	0.331471	0.333547	0.761905	0.857143		24	3	21	2.40524	0.410924	0.413682	0.571429	0.619048		24	4	21	3.85617	0.427523	0.430924	0.857143	0.904762		24	5	21	5.97331	0.717736	0.72191	0.190476	0.190476		24	6	21	8.76472	0.749524	0.754391	0.285714	0.047619		24	7	21	11.267	0.927433	0.933076	0.0952381	0.238095		24	8	21	15.2427	0.962201	0.968398	0.142857	0.0952381		24	9	21	17.3001	1.15257	1.15951	0.142857	0.238095
25	10	21	19.7703	1.29334	1.30116	1	0.238095		25	1	21	0.582532	0.225938	0.22731	0.428571	0.428571		25	2	21	1.41897	0.344321	0.346466	0.761905	0.857143		25	3	21	2.48189	0.426624	0.429455	0.666667	0.619048		25	4	21	4.0921	0.462421	0.465972	0.857143	0.904762		25	5	21	6.06515	0.730316	0.734553	0.190476	0.190476		25	6	21	9.10203	0.810365	0.815387	0.238095	0.0952381		25	7	21	11.775	0.941426	0.947287	0.190476	0.238095		25	8	21	15.617	0.977615	0.983972	0.0952381	0.0952381		25	9	21	17.794	1.23794	1.24509	0.190476	0.142857
26	10	21	20.2989	1.34797	1.35577	1	0.238095		26	1	21	0.784525	0.243624	0.245047	0.428571	0.428571		26	2	21	1.48518	0.365671	0.367892	0.761905	0.857143		26	3	21	2.52676	0.446368	0.449306	0.714286	0.619048		26	4	21	4.15984	0.466825	0.470365	0.857143	0.904762		26	5	21	6.25913	0.764147	0.768551	0.190476	0.238095		26	6	21	9.32469	0.842034	0.847167	0.285714	0.0952381		26	7	21	12.0107	0.997718	1.00353	0.190476	0.190476		26	8	21	15.9555	1.00276	1.00942	0.0952381	0.047619		26	9	21	18.1678	1.27625	1.28352	0.142857	0.142857
27	10	21	20.6867	1.39148	1.39957	1	0.190476		27	1	21	0.989662	0.247984	0.249409	0.428571	0.428571		27	2	21	1.53493	0.371603	0.373988	0.761905	0.857143		27	3	21	2.62226	0.471304	0.474261	0.809524	0.666667		27	4	21	4.31137	0.479444	0.483093	0.857143	0.904762		27	5	21	6.58204	0.797815	0.802245	0.190476	0.238095		27	6	21	9.83936	0.86349	0.868755	0.238095	0.0952381		27	7	21	12.3191	1.0527	1.05889	0.238095	0.190476		27	8	21	16.412	1.07355	1.08019	0.0952381	0.142857		27	9	21	18.7581	1.31736	1.32483	0.142857	0.0952381
28	10	21	21.0992	1.49192	1.50018	1	0.142857		28	1	21	1.19534	0.268008	0.269468	0.428571	0.428571		28	2	21	1.5773	0.412466	0.414799	0.761905	0.857143		28	3	21	2.97976	0.524539	0.527586	0.809524	0.666667		28	4	21	4.46123	0.544042	0.547802	0.857143	0.904762		28	5	21	6.73526	0.821593	0.826194	0.190476	0.238095		28	6	21	10.0296	0.896938	0.902218	0.285714	0.0952381		28	7	21	12.7763	1.11898	1.12504	0.238095	0.142857		28	8	21	16.6348	1.14475	1.1515	0.142857	0.0952381		28	9	21	19.047	1.38197	1.3896	0.142857	0.0952381
29	10	21	21.6611	1.5305	1.5389	1	0.142857		29	1	21	1.39749	0.292164	0.293666	0.428571	0.428571		29	2	21	1.70412	0.428955	0.43128	0.761905	0.857143		29	3	21	3.04274	0.555712	0.558761	0.714286	0.714286		29	4	21	4.59804	0.58983	0.593636	0.857143	0.904762		29	5	21	6.93416	0.879198	0.88386	0.238095	0.238095		29	6	21	10.2137	0.901843	0.907257	0.238095	0.0952381		29	7	21	13.0635	1.17077	1.17703	0.238095	0.142857		29	8	21	16.8614	1.17441	1.18141	0.142857	0.142857		29	9	21	19.5487	1.41479	1.42261	0.142857	0.142857
30	10	21	22.5031	1.58077	1.58936	1	0.190476		30	1	21	1.59806	0.27428	0.275809	0.428571	0.428571		30	2	21	1.74175	0.415697	0.41817	0.761905	0.857143		30	3	21	3.42585	0.56544	0.568573	0.809524	0.857143		30	4	21	4.71902	0.555706	0.559585	0.857143	0.904762		30	5	21	7.09714	0.912569	0.917323	0.190476	0.238095		30	6	21	10.483	0.914705	0.920167	0.238095	0.0952381		30	7	21	13.3146	1.17215	1.17852	0.238095	0.142857		30	8	21	17.4271	1.25998	1.26725	0.0952381	0.190476		30	9	21	20.2675	1.44619	1.4541	0.0952381	0.0952381
31	10	21	23.0733	1.64237	1.65112	1	0.238095		31	1	21	1.61658	0.293846	0.295409	0.428571	0.428571		31	2	21	1.77724	0.440096	0.442571	0.761905	0.857143		31	3	21	3.47704	0.600173	0.603363	0.761905	0.904762		31	4	21	4.9105	0.615709	0.619711	0.857143	0.904762		31	5	21	7.26137	0.936151	0.940932	0.238095	0.190476		31	6	21	10.9614	1.01204	1.01757	0.238095	0.0952381		31	7	21	13.6351	1.24344	1.25002	0.238095	0.142857		31	8	21	18.1473	1.27069	1.27807	0.0952381	0.142857		31	9	21	20.8279	1.53435	1.54248	0.142857	0.190476
32	10	21	23.5112	1.69604	1.70491	1	0.285714		32	1	21	1.63576	0.293224	0.294802	0.428571	0.428571		32	2	21	1.92248	0.461943	0.464412	0.761905	0.857143		32	3	21	3.61556	0.616196	0.619463	0.809524	0.761905		32	4	21	5.10661	0.657746	0.661847	0.857143	0.904762		32	5	21	7.45492	0.936491	0.941374	0.238095	0.238095		32	6	21	11.3135	1.04274	1.04852	0.238095	0.142857		32	7	21	14.1907	1.24128	1.24767	0.238095	0.142857		32	8	21	18.5994	1.37894	1.3863	0.0952381	0.142857		32	9	21	21.2877	1.57142	1.57964	0.142857	0.190476
33	10	21	24.9556	1.78696	1.79582	1	0.285714		33	1	21	1.64707	0.317071	0.318689	0.428571	0.428571		33	2	21	1.95609	0.47239	0.474797	0.761905	0.857143		33	3	21	3.72334	0.609742	0.612897	0.857143	0.857143		33	4	21	5.20816	0.694052	0.698063	0.857143	0.904762		33	5	21	7.68438	0.980663	0.985545	0.142857	0.238095		33	6	21	12.0933	1.07948	1.08569	0.285714	0.142857		33	7	21	14.4524	1.31578	1.32227	0.238095	0.190476		33	8	21	18.8865	1.49724	1.50455	0.0952381	0.142857		33	9	21	21.6762	1.60302	1.61115	0.142857	0.428571
34	10	21	26.4124	1.836	1.84519	1	0.285714		34	1	21	1.85098	0.339318	0.341006	0.428571	0.428571		34	2	21	1.99335	0.469784	0.472314	0.761905	0.857143		34	3	21	3.81595	0.633685	0.637066	0.857143	0.857143		34	4	21	5.46489	0.637652	0.641823	0.857143	0.904762		34	5	21	8.01113	1.02521	1.03035	0.190476	0.190476		34	6	21	12.2515	1.10419	1.11022	0.285714	0.047619		34	7	21	15.0169	1.28851	1.2953	0.238095	0.190476		34	8	21	19.4395	1.52142	1.52887	0.142857	0.238095		34	9	21	22.1452	1.67178	1.68016	0.142857	0.380952
35	10	21	27.1719	1.87323	1.88253	1	0.285714		35	1	21	1.87156	0.342982	0.344664	0.428571	0.428571		35	2	21	2.03477	0.477376	0.479928	0.761905	0.809524		35	3	21	3.92538	0.65215	0.655627	0.904762	0.857143		35	4	21	5.68836	0.652647	0.65689	0.857143	0.904762		35	5	21	8.15836	1.02499	1.03022	0.142857	0.238095		35	6	21	13.5809	1.15855	1.16457	0.285714	0.142857		35	7	21	15.2631	1.38111	1.38814	0.238095	0.190476		35	8	21	20.7151	1.53636	1.544	0.142857	0.142857		35	9	21	25.2636	1.73275	1.74121	0.142857	0.333333
36	10	21	27.9462	1.95033	1.96011	1	0.333333		36	1	21	1.88945	0.340582	0.34229	0.428571	0.428571		36	2	21	2.06966	0.500569	0.503153	0.761905	0.809524		36	3	21	3.99967	0.699691	0.703208	0.904762	0.857143		36	4	21	5.84265	0.714242	0.718581	0.857143	0.904762		36	5	21	8.45931	1.05498	1.06021	0.142857	0.142857		36	6	21	13.7949	1.16138	1.16745	0.333333	0.047619		36	7	21	16.3401	1.39467	1.40163	0.238095	0.190476		36	8	21	21.039	1.58913	1.59707	0.142857	0.190476		36	9	21	26.1508	1.77472	1.7836	0.190476	0.428571
37	10	21	28.4715	1.97135	1.98112	1	0.238095		37	1	21	1.90131	0.345572	0.347341	0.428571	0.428571		37	2	21	2.16071	0.522921	0.525541	0.761905	0.809524		37	3	21	4.11587	0.704781	0.708296	0.952381	0.857143		37	4	21	6.22994	0.784838	0.789322	0.857143	0.904762		37	5	21	8.64614	1.09814	1.10356	0.142857	0.142857		37	6	21	14.1304	1.19897	1.2052	0.285714	0.0952381		37	7	21	16.7164	1.44723	1.45432	0.238095	0.142857		37	8	21	21.592	1.64167	1.64963	0.190476	0.190476		37	9	21	26.8426	1.80481	1.8137	0.190476	0.333333
38	10	21	29.3682	2.0063	2.01618	1	0.238095		38	1	21	2.10183	0.367097	0.368873	0.428571	0.428571		38	2	21	2.19748	0.554906	0.55751	0.809524	0.857143		38	3	21	4.24661	0.721735	0.725364	0.952381	0.904762		38	4	21	6.31544	0.789661	0.794228	0.857143	0.904762		38	5	21	8.89929	1.1101	1.11555	0.142857	0.142857		38	6	21	14.3344	1.28273	1.28917	0.285714	0.0952381		38	7	21	17.2244	1.47713	1.48437	0.238095	0.190476		38	8	21	22.0806	1.71808	1.72633	0.190476	0.238095		38	9	21	28.1755	1.86415	1.87335	0.238095	0.333333
39	10	21	32.3771	2.05655	2.06659	1	0.285714		39	1	21	2.30642	0.373874	0.375685	0.428571	0.428571		39	2	21	2.72598	0.568748	0.571469	0.809524	0.857143		39	3	21	4.35576	0.746442	0.750115	0.952381	0.904762		39	4	21	6.51838	0.765337	0.76997	0.857143	0.904762		39	5	21	9.1489	1.19471	1.20029	0.142857	0.0952381		39	6	21	14.5468	1.32461	1.33104	0.285714	0.0952381		39	7	21	17.7925	1.552	1.55942	0.238095	0.142857		39	8	21	23.1621	1.74919	1.75763	0.142857	0.190476		39	9	21	28.6702	1.90177	1.91106	0.238095	0.380952
40	10	21	32.9909	2.09097	2.10112	1	0.285714		40	1	21	2.31605	0.382391	0.38423	0.428571	0.428571		40	2	21	2.74032	0.578204	0.580964	0.809524	0.857143		40	3	21	5.32063	0.752357	0.756066	0.952381	0.904762		40	4	21	6.73781	0.810562	0.81523	0.857143	0.904762		40	5	21	9.58228	1.18335	1.18898	0.142857	0.0952381		40	6	21	15.2021	1.34632	1.35297	0.285714	0.0952381		40	7	21	18.1023	1.60945	1.61705	0.238095	0.047619		40	8	21	23.9327	1.7774	1.78589	0.142857	0.238095		40	9	21	29.4711	1.96347	1.97282	0.238095	0.380952
41	10	21	34.4162	2.21635	2.2268	1	0.380952		41	1	21	2.52178	0.391936	0.393824	0.428571	0.428571		41	2	21	2.75319	0.591397	0.594188	0.809524	0.904762		41	3	21	5.46665	0.780902	0.784708	0.952381	0.904762		41	4	21	6.92112	0.914809	0.919646	0.857143	0.904762		41	5	21	9.77869	1.21355	1.21929	0.190476	0.142857		41	6	21	18.0637	1.36317	1.36996	0.380952	0.0952381		41	7	21	18.4496	1.6358	1.64343	0.238095	0.047619		41	8	21	24.3475	1.8348	1.84336	0.238095	0.285714		41	9	21	29.9801	2.00052	2.01016	0.190476	0.428571
42	10	21	34.9928	2.27788	2.28848	1	0.47619		42	1	21	2.53249	0.386819	0.388705	0.428571	0.428571		42	2	21	3.28196	0.587652	0.59045	0.809524	0.904762		42	3	21	5.51624	0.81814	0.82203	0.952381	0.904762		42	4	21	7.06134	0.938517	0.943355	0.857143	0.904762		42	5	21	10.0945	1.2882	1.29408	0.238095	0.142857		42	6	21	18.6971	1.39422	1.40102	0.380952	0.0952381		42	7	21	18.9041	1.62437	1.63218	0.238095	0.142857		42	8	21	24.813	1.87012	1.87886	0.190476	0.285714		42	9	21	31.1174	2.03334	2.04304	0.238095	0.333333
43	10	21	35.7091	2.19545	2.20601	1	0.428571		43	1	21	2.54684	0.427827	0.429737	0.47619	0.47619		43	2	21	3.81421	0.626292	0.62919	0.809524	0.904762		43	3	21	5.70436	0.833906	0.837794	0.952381	0.904762		43	4	21	7.27616	0.913153	0.918072	0.857143	0.904762		43	5	21	11.172	1.25849	1.26433	0.285714	0.190476		43	6	21	18.966	1.41395	1.42079	0.428571	0.142857		43	7	21	19.3613	1.73655	1.74463	0.238095	0.238095		43	8	21	26.1213	1.92658	1.93543	0.190476	0.285714		43	9	21	32.0636	2.12581	2.13561	0.285714	0.285714
44	10	21	36.2772	1.89641	1.90723	1	0.380952		44	1	21	2.56759	0.43392	0.435882	0.52381	0.52381		44	2	21	4.33922	0.629672	0.63256	0.809524	0.904762		44	3	21	5.78136	0.868162	0.872164	0.952381	0.904762		44	4	21	7.41346	0.885597	0.890547	0.857143	0.904762		44	5	21	11.4464	1.27205	1.27799	0.333333	0.238095		44	6	21	19.2941	1.47613	1.48301	0.428571	0.0952381		44	7	21	19.6948	1.70103	1.70902	0.238095	0.190476		44	8	21	26.734	1.94304	1.95211	0.285714	0.333333		44	9	21	32.424	2.13631	2.14637	0.285714	0.285714
45	10	21	37.8518	2.13583	2.14703	1	0.333333		45	1	21	2.7732	0.450038	0.452053	0.47619	0.47619		45	2	21	4.8629	0.638488	0.641415	0.809524	0.857143		45	3	21	5.945	0.894329	0.898384	0.952381	0.904762		45	4	21	7.63656	1.03308	1.03811	0.857143	0.904762		45	5	21	12.8986	1.34118	1.3473	0.333333	0.238095		45	6	21	19.6732	1.50137	1.50837	0.380952	0.142857		45	7	21	20.2734	1.75665	1.7648	0.238095	0.238095		45	8	21	28.0978	1.99273	2.00187	0.285714	0.47619		45	9	21	33.0743	2.18177	2.19189	0.285714	0.333333
46	10	21	39.5376	2.02529	2.03635	1	0.333333		46	1	21	2.97672	0.448688	0.450682	0.47619	0.47619		46	2	21	5.38665	0.656067	0.659088	0.809524	0.904762		46	3	21	6.18962	0.88785	0.891986	0.952381	0.904762		46	4	21	7.83105	1.00159	1.00674	0.904762	0.904762		46	5	21	13.0565	1.34986	1.356	0.238095	0.238095		46	6	21	20.4672	1.50952	1.51673	0.428571	0.142857		46	7	21	20.8483	1.79528	1.8035	0.190476	0.238095		46	8	21	28.4709	2.04899	2.05825	0.285714	0.47619		46	9	21	36.2498	2.23748	2.24786	0.285714	0.285714
47	10	21	40.8423	2.10092	2.11232	1	0.380952		47	1	21	3.18062	0.45405	0.456108	0.52381	0.52381		47	2	21	5.40555	0.669876	0.672921	0.809524	0.904762		47	3	21	6.36253	0.909523	0.913702	0.952381	0.904762		47	4	21	8.25475	1.07744	1.08269	0.857143	0.904762		47	5	21	13.2216	1.43656	1.44289	0.238095	0.190476		47	6	21	20.7085	1.60649	1.61397	0.428571	0.190476		47	7	21	21.5503	1.8684	1.87692	0.190476	0.142857		47	8	21	29.0675	2.06584	2.07523	0.333333	0.428571		47	9	21	36.8931	2.31961	2.33005	0.285714	0.285714
48	10	21	41.7172	2.38107	2.39264	1	0.380952		48	1	21	3.38339	0.464181	0.466241	0.52381	0.52381		48	2	21	5.93179	0.699901	0.703027	0.809524	0.857143		48	3	21	6.42783	0.927796	0.932041	0.952381	0.904762		48	4	21	8.38018	1.11374	1.11899	0.904762	0.904762		48	5	21	13.5834	1.4171	1.42341	0.238095	0.142857		48	6	21	21.0271	1.60517	1.61264	0.428571	0.190476		48	7	21	23.8451	1.9016	1.91011	0.190476	0.142857		48	8	21	29.7492	2.13235	2.14192	0.428571	0.428571		48	9	21	37.9461	2.31832	2.32891	0.238095	0.238095
49	10	21	42.3163	2.35694	2.36848	1	0.380952		49	1	21	3.58723	0.478382	0.480456	0.571429	0.571429		49	2	21	6.45444	0.713349	0.716528	0.809524	0.857143		49	3	21	6.64684	0.941795	0.946009	0.952381	0.904762		49	4	21	8.76187	1.09972	1.10511	0.904762	0.904762		49	5	21	13.8197	1.45903	1.46542	0.238095	0.190476		49	6	21	21.3278	1.65596	1.66342	0.428571	0.333333		49	7	21	24.2322	1.97234	1.9812	0.190476	0.142857		49	8	21	30.3949	2.19876	2.20843	0.380952	0.47619		49	9	21	38.618	2.33281	2.34353	0.333333	0.238095
50	10	21	45.7579	2.35666	2.36848	1	0.333333		50	1	21	3.59814	0.48058	0.482687	0.571429	0.571429		50	2	21	6.97857	0.733201	0.736399	0.809524	0.904762		50	3	21	6.71543	0.968604	0.973028	0.952381	0.904762		50	4	21	8.9886	1.11463	1.12001	0.904762	0.904762		50	5	21	14.2883	1.47237	1.47882	0.238095	0.238095		50	6	21	22.1806	1.66468	1.6722	0.428571	0.333333		50	7	21	24.9315	1.93695	1.94577	0.190476	0.238095		50	8	21	31.3413	2.19613	2.20593	0.380952	0.47619		50	9	21	39.7413	2.36292	2.37379	0.333333	0.238095
51	10	21	47.3027	2.53075	2.5428	1	0.333333		51	1	21	3.60989	0.489543	0.491661	0.619048	0.619048		51	2	21	7.50022	0.729621	0.732928	0.809524	0.904762		51	3	21	6.9774	0.99658	1.00094	0.952381	0.904762		51	4	21	9.25074	1.18085	1.18624	0.904762	0.904762		51	5	21	14.7282	1.52767	1.53431	0.238095	0.238095		51	6	21	23.9978	1.7259	1.73382	0.47619	0.285714		51	7	21	25.4271	2.00553	2.01427	0.190476	0.238095		51	8	21	34.5657	2.26845	2.2787	0.380952	0.47619		51	9	21	41.7751	2.40667	2.41754	0.333333	0.238095
52	10	21	48.457	2.48875	2.5009	1	0.333333		52	1	21	3.81453	0.508267	0.510481	0.571429	0.571429		52	2	21	8.0306	0.749028	0.752275	0.809524	0.904762		52	3	21	7.0274	0.9959	1.0003	0.952381	0.904762		52	4	21	9.46594	1.17741	1.18298	0.904762	0.904762		52	5	21	15.168	1.5553	1.56195	0.238095	0.190476		52	6	21	24.5657	1.75053	1.75865	0.47619	0.285714		52	7	21	25.8575	2.0421	2.05096	0.238095	0.190476		52	8	21	35.1941	2.31403	2.32401	0.380952	0.571429		52	9	21	42.331	2.46996	2.48115	0.333333	0.238095
53	10	21	49.0171	2.60528	2.61757	1	0.380952		53	1	21	4.01665	0.519442	0.521669	0.666667	0.666667		53	2	21	8.55329	0.76031	0.763576	0.809524	0.904762		53	3	21	7.1049	1.0256	1.03014	0.952381	0.904762		53	4	21	9.68064	1.19664	1.20227	0.904762	0.904762		53	5	21	15.3913	1.56027	1.56714	0.238095	0.238095		53	6	21	25.6944	1.78457	1.79236	0.47619	0.333333		53	7	21	27.0601	2.05946	2.06862	0.238095	0.190476		53	8	21	36.9805	2.33967	2.34971	0.428571	0.52381		53	9	21	43.4399	2.50788	2.51907	0.380952	0.238095
54	10	21	53.6174	2.64047	2.65287	1	0.428571		54	1	21	4.03065	0.52727	0.52949	0.666667	0.666667		54	2	21	8.57533	0.788957	0.792332	0.809524	0.857143		54	3	21	7.23122	1.03033	1.03489	0.952381	0.904762		54	4	21	9.83837	1.21903	1.22475	0.904762	0.904762		54	5	21	16.6964	1.59384	1.60059	0.238095	0.285714		54	6	21	26.1431	1.79855	1.80697	0.428571	0.380952		54	7	21	27.4817	2.12744	2.13652	0.238095	0.238095		54	8	21	37.3374	2.37024	2.38043	0.428571	0.666667		54	9	21	44.5396	2.54437	2.55567	0.47619	0.238095
55	10	21	59.0012	2.74191	2.75436	1	0.428571		55	1	21	4.23479	0.542396	0.544703	0.666667	0.666667		55	2	21	9.10373	0.793698	0.797111	0.809524	0.904762		55	3	21	7.34832	1.05918	1.06376	0.952381	0.904762		55	4	21	10.0729	1.27983	1.28559	0.904762	0.904762		55	5	21	16.9909	1.65982	1.66668	0.285714	0.142857		55	6	21	26.8966	1.86636	1.87471	0.47619	0.380952		55	7	21	27.9282	2.15901	2.16822	0.285714	0.238095		55	8	21	38.0972	2.45089	2.4613	0.428571	0.666667		55	9	21	45.7673	2.62693	2.63842	0.47619	0.285714
56	10	21	59.5144	2.90475	2.91766	1	0.52381		56	1	21	4.43622	0.535819	0.538087	0.666667	0.666667		56	2	21	9.12244	0.804943	0.808425	0.809524	0.904762		56	3	21	7.41015	1.07631	1.08101	0.952381	0.904762		56	4	21	10.6471	1.29637	1.30216	0.904762	0.904762		56	5	21	17.3529	1.71059	1.71764	0.285714	0.238095		56	6	21	27.2447	1.87777	1.88597	0.47619	0.380952		56	7	21	28.7013	2.17351	2.18277	0.285714	0.238095		56	8	21	40.4147	2.45236	2.46278	0.428571	0.619048		56	9	21	46.4838	2.65526	2.66694	0.571429	0.285714
57	10	21	60.8618	2.9321	2.94487	1	0.47619		57	1	21	4.6386	0.553047	0.555415	0.714286	0.714286		57	2	21	9.64955	0.821659	0.825193	0.857143	0.904762		57	3	21	7.53348	1.10674	1.11142	0.952381	0.904762		57	4	21	10.8008	1.31095	1.31688	0.904762	0.904762		57	5	21	17.6603	1.68203	1.68907	0.285714	0.285714		57	6	21	27.6798	1.91046	1.91872	0.47619	0.380952		57	7	21	29.4076	2.24545	2.25484	0.285714	0.190476		57	8	21	41.4077	2.48705	2.49774	0.47619	0.666667		57	9	21	48.1807	2.70665	2.71839	0.52381	0.238095
58	10	21	62.8002	2.99446	3.00771	1	0.47619		58	1	21	4.66144	0.558549	0.560927	0.714286	0.714286		58	2	21	10.1796	0.841076	0.844537	0.904762	0.904762		58	3	21	7.59234	1.12866	1.13342	0.952381	0.904762		58	4	21	10.9243	1.33531	1.34131	0.904762	0.904762		58	5	21	17.8533	1.73687	1.74412	0.380952	0.238095		58	6	21	29.9516	1.92967	1.93808	0.47619	0.380952		58	7	21	30.2263	2.25747	2.26712	0.333333	0.285714		58	8	21	41.769	2.58252	2.59331	0.47619	0.666667		58	9	21	48.9302	2.74997	2.76199	0.52381	0.238095
59	10	21	63.6183	3.0569	3.07027	1	0.52381		59	1	21	4.86218	0.584731	0.58715	0.666667	0.666667		59	2	21	10.7102	0.85397	0.857527	0.904762	0.904762		59	3	21	7.70692	1.15179	1.15661	0.952381	0.904762		59	4	21	11.3071	1.37617	1.38226	0.904762	0.904762		59	5	21	18.0704	1.77855	1.78589	0.333333	0.285714		59	6	21	30.3549	1.97872	1.98718	0.52381	0.571429		59	7	21	31.9065	2.32381	2.33344	0.428571	0.238095		59	8	21	42.7829	2.59236	2.6032	0.47619	0.619048		59	9	21	50.0011	2.80822	2.82039	0.571429	0.238095
60	10	21	64.2934	3.09443	3.10772	1	0.52381		60	1	21	5.06619	0.575769	0.578179	0.666667	0.666667		60	2	21	11.2394	0.855909	0.859485	0.904762	0.904762		60	3	21	7.78507	1.17057	1.17548	0.952381	0.904762		60	4	21	11.6014	1.36442	1.37057	0.904762	0.904762		60	5	21	18.9375	1.77767	1.78503	0.380952	0.190476		60	6	21	30.8917	1.99289	2.00138	0.47619	0.52381		60	7	21	32.4876	2.3188	2.32871	0.428571	0.190476		60	8	21	43.8951	2.60063	2.61156	0.47619	0.571429		60	9	21	50.7401	2.8725	2.88481	0.571429	0.238095
61	10	21	66.6072	3.15833	3.17196	1	0.428571		61	1	21	5.26967	0.611828	0.614339	0.619048	0.619048		61	2	21	11.7621	0.878188	0.881848	0.904762	0.904762		61	3	21	7.82446	1.22183	1.22684	0.952381	0.904762		61	4	21	11.8812	1.32868	1.3348	0.904762	0.904762		61	5	21	19.2638	1.80982	1.8173	0.380952	0.285714		61	6	21	31.1506	2.04304	2.05163	0.47619	0.47619		61	7	21	32.8955	2.38287	2.39269	0.47619	0.142857		61	8	21	44.7377	2.62358	2.63456	0.47619	0.52381		61	9	21	51.3659	2.96756	2.97993	0.571429	0.238095
62	10	21	68.028	3.24403	3.25774	1	0.428571		62	1	21	5.47173	0.624383	0.626887	0.714286	0.714286		62	2	21	12.2847	0.890827	0.894521	0.904762	0.904762		62	3	21	7.84063	1.23014	1.23509	0.952381	0.904762		62	4	21	12.1794	1.41154	1.41781	0.904762	0.904762		62	5	21	20.1923	1.8376	1.8451	0.333333	0.333333		62	6	21	34.1892	2.08295	2.09172	0.47619	0.428571		62	7	21	33.7903	2.37918	2.38895	0.47619	0.0952381		62	8	21	45.4074	2.64334	2.6546	0.52381	0.52381		62	9	21	53.3885	3.04623	3.05886	0.571429	0.428571
63	10	21	69.422	3.27681	3.29068	1	0.47619		63	1	21	5.67603	0.638976	0.641502	0.714286	0.714286		63	2	21	12.3235	0.915577	0.919334	0.904762	0.904762		63	3	21	7.86134	1.2263	1.23125	0.952381	0.904762		63	4	21	12.4248	1.46695	1.4733	0.904762	0.904762		63	5	21	20.5788	1.88822	1.89581	0.333333	0.333333		63	6	21	34.9718	2.09208	2.10091	0.47619	0.428571		63	7	21	37.789	2.38359	2.39359	0.428571	0.142857		63	8	21	46.793	2.72297	2.73429	0.571429	0.619048		63	9	21	55.0799	3.09751	3.1103	0.571429	0.428571
64	10	21	70.6181	3.3316	3.34571	1	0.47619		64	1	21	5.87625	0.642125	0.644644	0.714286	0.714286		64	2	21	12.3725	0.919507	0.923256	0.904762	0.904762		64	3	21	7.87958	1.26251	1.26766	0.952381	0.904762		64	4	21	13.9405	1.48349	1.48994	0.904762	0.904762		64	5	21	21.3565	1.89016	1.89783	0.333333	0.380952		64	6	21	35.9769	2.12121	2.13005	0.571429	0.428571		64	7	21	38.0462	2.45314	2.46332	0.47619	0.238095		64	8	21	48.0763	2.74582	2.75749	0.52381	0.571429		64	9	21	55.8738	3.08483	3.09761	0.52381	0.52381
65	10	21	73.7182	3.35713	3.3713	1	0.428571		65	1	21	6.08047	0.652402	0.654996	0.666667	0.666667		65	2	21	12.4295	0.933956	0.937809	0.904762	0.904762		65	3	21	7.97109	1.28144	1.28652	0.952381	0.904762		65	4	21	14.0311	1.47799	1.48424	0.904762	0.904762		65	5	21	21.6817	1.88504	1.89273	0.333333	0.333333		65	6	21	38.0424	2.17831	2.18725	0.571429	0.47619		65	7	21	39.446	2.45875	2.46879	0.428571	0.238095		65	8	21	48.4924	2.80017	2.81168	0.52381	0.619048		65	9	21	56.5611	3.19771	3.21052	0.52381	0.47619
66	10	21	74.2848	3.41546	3.4297	1	0.619048		66	1	21	6.28197	0.68674	0.689455	0.666667	0.666667		66	2	21	12.9521	0.947795	0.951716	0.904762	0.904762		66	3	21	8.92625	1.28217	1.28738	0.952381	0.904762		66	4	21	14.2354	1.52246	1.52904	0.904762	0.904762		66	5	21	21.996	1.94438	1.95234	0.333333	0.47619		66	6	21	38.2522	2.19813	2.20725	0.571429	0.428571		66	7	21	40.7781	2.50341	2.51391	0.428571	0.238095		66	8	21	50.6528	2.84651	2.85829	0.52381	0.52381		66	9	21	57.3011	3.20157	3.21458	0.619048	0.47619
67	10	21	78.4855	3.50636	3.52083	1	0.666667		67	1	21	6.48488	0.66813	0.670864	0.761905	0.761905		67	2	21	13.4779	0.9598	0.963875	0.904762	0.904762		67	3	21	9.00962	1.33026	1.33561	0.952381	0.904762		67	4	21	15.1438	1.59808	1.60471	0.904762	0.904762		67	5	21	22.4517	2.01828	2.0264	0.285714	0.428571		67	6	21	39.1344	2.24405	2.25327	0.571429	0.380952		67	7	21	41.2911	2.56391	2.57458	0.47619	0.380952		67	8	21	52.535	2.88635	2.89812	0.571429	0.52381		67	9	21	59.531	3.22424	3.23751	0.619048	0.52381
68	10	21	80.4849	3.60782	3.62253	1	0.666667		68	1	21	6.68879	0.685768	0.688534	0.761905	0.761905		68	2	21	13.9981	0.975948	0.979964	0.904762	0.904762		68	3	21	9.96538	1.34079	1.34621	0.952381	0.904762		68	4	21	15.53	1.62009	1.6268	0.904762	0.904762		68	5	21	22.8581	1.98824	1.99632	0.380952	0.47619		68	6	21	39.4128	2.25741	2.26682	0.571429	0.333333		68	7	21	41.7045	2.58147	2.59206	0.428571	0.333333		68	8	21	57.5139	2.93019	2.94225	0.571429	0.619048		68	9	21	60.7875	3.31319	3.32671	0.666667	0.52381
69	10	21	81.3894	3.64581	3.66082	1	0.666667		69	1	21	6.89204	0.682619	0.685314	0.714286	0.714286		69	2	21	14.5189	0.991089	0.995127	0.904762	0.904762		69	3	21	10.925	1.35718	1.36258	0.952381	0.904762		69	4	21	15.7651	1.63239	1.63911	0.904762	0.904762		69	5	21	23.5072	2.04261	2.05087	0.380952	0.47619		69	6	21	40.469	2.29404	2.30348	0.619048	0.380952		69	7	21	43.9634	2.60523	2.61601	0.47619	0.285714		69	8	21	58.4767	2.96782	2.98041	0.571429	0.666667		69	9	21	63.6436	3.39445	3.40792	0.761905	0.52381
70	10	21	83.0739	3.68181	3.69704	1	0.619048		70	1	21	7.09476	0.695081	0.697821	0.761905	0.761905		70	2	21	14.5749	1.00518	1.00925	0.904762	0.904762		70	3	21	11.8922	1.39353	1.39908	0.952381	0.904762		70	4	21	15.992	1.65285	1.65969	0.904762	0.904762		70	5	21	23.7794	2.05778	2.06613	0.380952	0.571429		70	6	21	41.0919	2.32377	2.33319	0.619048	0.428571		70	7	21	44.8945	2.6869	2.69794	0.47619	0.333333		70	8	21	58.899	3.01002	3.02245	0.571429	0.666667		70	9	21	64.5313	3.3585	3.37244	0.761905	0.52381
71	10	21	89.7284	3.77613	3.79129	1	0.666667		71	1	21	7.29933	0.720568	0.723437	0.761905	0.761905		71	2	21	14.5992	1.02662	1.03086	0.857143	0.904762		71	3	21	12.8566	1.3826	1.38808	0.952381	0.904762		71	4	21	16.1659	1.69425	1.70123	0.904762	0.904762		71	5	21	23.9939	2.09557	2.10392	0.380952	0.619048		71	6	21	41.4755	2.34759	2.35711	0.619048	0.428571		71	7	21	45.5904	2.756	2.76694	0.47619	0.47619		71	8	21	60.7515	3.12672	3.13918	0.571429	0.619048		71	9	21	65.6335	3.49138	3.50545	0.761905	0.47619
72	10	21	90.7797	3.78859	3.80396	1	0.714286		72	1	21	7.50391	0.72823	0.731454	0.761905	0.761905		72	2	21	15.1253	1.02668	1.03091	0.904762	0.904762		72	3	21	12.8818	1.41478	1.4203	0.952381	0.952381		72	4	21	16.4469	1.72108	1.72813	0.904762	0.904762		72	5	21	24.3193	2.11865	2.12707	0.380952	0.666667		72	6	21	43.8304	2.40046	2.41017	0.666667	0.47619		72	7	21	46.9178	2.76127	2.77306	0.571429	0.47619		72	8	21	61.6704	3.19592	3.2086	0.571429	0.619048		72	9	21	66.4503	3.49095	3.50507	0.761905	0.52381
73	10	21	91.7586	3.82823	3.84374	1	0.761905		73	1	21	7.70841	0.742607	0.745468	0.761905	0.761905		73	2	21	15.6472	1.04082	1.04496	0.904762	0.904762		73	3	21	13.845	1.4212	1.42682	0.952381	0.952381		73	4	21	16.5598	1.7381	1.74521	0.904762	0.904762		73	5	21	24.7299	2.20119	2.20972	0.380952	0.52381		73	6	21	44.4501	2.37901	2.38893	0.666667	0.47619		73	7	21	47.4093	2.73025	2.74143	0.52381	0.47619		73	8	21	62.2832	3.26621	3.27891	0.571429	0.619048		73	9	21	69.0225	3.58237	3.59655	0.761905	0.52381
74	10	21	96.1246	3.88625	3.90193	1	0.857143		74	1	21	7.91227	0.75016	0.753172	0.761905	0.761905		74	2	21	16.1731	1.06515	1.06937	0.904762	0.904762		74	3	21	13.8838	1.43442	1.44008	0.952381	0.952381		74	4	21	16.6744	1.75784	1.76506	0.904762	0.904762		74	5	21	24.9915	2.16796	2.17658	0.380952	0.571429		74	6	21	44.7938	2.3821	2.39205	0.666667	0.52381		74	7	21	48.0594	2.78795	2.79925	0.52381	0.47619		74	8	21	64.9718	3.22955	3.24256	0.571429	0.47619		74	9	21	72.7984	3.57377	3.58817	0.809524	0.571429
75	10	21	99.3714	4.01388	4.02966	1	0.857143		75	1	21	8.11742	0.74035	0.743284	0.761905	0.761905		75	2	21	16.7023	1.08683	1.0913	0.904762	0.904762		75	3	21	14.8466	1.4559	1.46169	0.952381	0.952381		75	4	21	17.0005	1.78629	1.79347	0.904762	0.904762		75	5	21	26.3773	2.21238	2.22106	0.380952	0.571429		75	6	21	46.0894	2.46891	2.47908	0.666667	0.571429		75	7	21	48.6665	2.83044	2.8417	0.47619	0.428571		75	8	21	66.1927	3.3573	3.37048	0.52381	0.571429		75	9	21	73.503	3.7294	3.74393	0.904762	0.619048
76	10	21	100.632	4.02219	4.03806	1	0.904762		76	1	21	8.3228	0.76152	0.764418	0.761905	0.761905		76	2	21	17.2254	1.08864	1.09309	0.904762	0.904762		76	3	21	15.8042	1.4749	1.48066	0.952381	0.952381		76	4	21	17.2955	1.82033	1.82761	0.904762	0.904762		76	5	21	26.6282	2.26302	2.27181	0.380952	0.52381		76	6	21	46.68	2.38483	2.39483	0.666667	0.666667		76	7	21	50.5514	2.85237	2.86385	0.571429	0.47619		76	8	21	66.8235	3.33857	3.35154	0.52381	0.47619		76	9	21	75.5504	3.704	3.71865	0.904762	0.571429
77	10	21	103.033	4.04375	4.06015	1	0.904762		77	1	21	8.52806	0.770815	0.77382	0.714286	0.714286		77	2	21	17.7519	1.09923	1.10355	0.904762	0.904762		77	3	21	15.8326	1.52902	1.53493	0.952381	0.952381		77	4	21	17.7054	1.83844	1.84582	0.904762	0.904762		77	5	21	26.9836	2.25861	2.26741	0.380952	0.619048		77	6	21	47.2385	2.47003	2.48029	0.666667	0.619048		77	7	21	51.0845	2.92751	2.93914	0.619048	0.52381		77	8	21	67.8094	3.37039	3.3838	0.52381	0.52381		77	9	21	76.7767	3.80731	3.82338	0.904762	0.666667
78	10	21	103.837	4.1465	4.16291	1	0.904762		78	1	21	8.73189	0.781205	0.784283	0.714286	0.714286		78	2	21	17.846	1.11245	1.11683	0.904762	0.904762		78	3	21	15.9775	1.55852	1.56447	0.952381	0.952381		78	4	21	17.785	1.91911	1.9267	0.904762	0.904762		78	5	21	28.1785	2.31691	2.32591	0.380952	0.619048		78	6	21	49.5927	2.58189	2.59221	0.666667	0.666667		78	7	21	52.0202	2.95453	2.96645	0.52381	0.47619		78	8	21	70.4686	3.44691	3.46024	0.714286	0.619048		78	9	21	78.1497	3.81216	3.82708	0.904762	0.857143
79	10	21	105.234	4.18268	4.19902	1	0.904762		79	1	21	8.93291	0.802759	0.805835	0.714286	0.714286		79	2	21	17.8678	1.13275	1.13732	0.904762	0.904762		79	3	21	16.9346	1.55741	1.56335	0.952381	0.952381		79	4	21	17.9548	1.94505	1.95257	0.904762	0.904762		79	5	21	28.3582	2.33853	2.3475	0.47619	0.666667		79	6	21	49.938	2.63731	2.64776	0.666667	0.666667		79	7	21	52.9615	2.98809	2.99981	0.619048	0.52381		79	8	21	71.0745	3.51641	3.52976	0.714286	0.714286		79	9	21	81.1075	3.90515	3.92008	0.952381	0.809524
80	10	21	110.416	4.21993	4.23645	1	0.904762		80	1	21	9.13345	0.784443	0.787443	0.714286	0.714286		80	2	21	18.3939	1.15326	1.15795	0.904762	0.904762		80	3	21	17.016	1.5769	1.58298	0.952381	0.952381		80	4	21	18.0356	1.95275	1.96032	0.904762	0.904762		80	5	21	28.8117	2.3582	2.36725	0.52381	0.666667		80	6	21	50.6541	2.65211	2.66258	0.619048	0.666667		80	7	21	53.4134	3.03072	3.04291	0.619048	0.52381		80	8	21	72.206	3.49733	3.5113	0.714286	0.761905		80	9	21	82.1988	3.87919	3.89441	0.952381	0.714286
81	10	21	112.031	4.30161	4.31869	1	0.904762		81	1	21	9.33463	0.799945	0.803013	0.714286	0.714286		81	2	21	18.923	1.15978	1.16433	0.904762	0.904762		81	3	21	17.9738	1.59591	1.60195	0.952381	0.952381		81	4	21	18.135	1.97853	1.98608	0.904762	0.904762		81	5	21	30.5857	2.41574	2.42492	0.619048	0.47619		81	6	21	51.2667	2.68478	2.69541	0.619048	0.619048		81	7	21	56.0844	3.04941	3.06144	0.52381	0.52381		81	8	21	73.7463	3.61637	3.63009	0.761905	0.904762		81	9	21	82.9464	3.98232	3.99749	0.952381	0.809524
82	10	21	114.876	4.34902	4.36613	1	0.904762		82	1	21	9.53563	0.83579	0.838926	0.714286	0.714286		82	2	21	19.4473	1.17086	1.17537	0.904762	0.904762		82	3	21	18.9446	1.58464	1.59078	0.952381	0.952381		82	4	21	18.2077	2.02677	2.03446	0.904762	0.904762		82	5	21	30.8101	2.43633	2.44562	0.619048	0.571429		82	6	21	51.9909	2.75249	2.76333	0.619048	0.571429		82	7	21	57.3019	3.08818	3.10031	0.571429	0.714286		82	8	21	75.9155	3.61082	3.62466	0.761905	0.904762		82	9	21	83.982	4.00448	4.0202	0.952381	0.761905
83	10	21	115.716	4.43542	4.4527	1	0.857143		83	1	21	9.73667	0.829574	0.832778	0.714286	0.714286		83	2	21	19.9687	1.17683	1.18158	0.904762	0.904762		83	3	21	19.1112	1.61021	1.61633	0.952381	0.952381		83	4	21	18.2277	2.04552	2.05326	0.904762	0.904762		83	5	21	31.4223	2.44369	2.45298	0.619048	0.571429		83	6	21	52.8244	2.75656	2.76725	0.619048	0.666667		83	7	21	57.9355	3.13033	3.14256	0.571429	0.714286		83	8	21	77.2577	3.68074	3.69462	0.761905	0.904762		83	9	21	85.6723	4.0458	4.06147	0.952381	0.761905
84	10	21	118.913	4.45301	4.47066	1	0.904762		84	1	21	9.93826	0.835476	0.838705	0.714286	0.714286		84	2	21	20.4954	1.21038	1.21509	0.904762	0.904762		84	3	21	19.2339	1.64768	1.65404	0.952381	0.952381		84	4	21	18.5127	2.05159	2.05948	0.904762	0.904762		84	5	21	31.7856	2.48792	2.49732	0.619048	0.619048		84	6	21	53.823	2.82247	2.83347	0.761905	0.809524		84	7	21	58.5629	3.1463	3.15872	0.666667	0.809524		84	8	21	78.1045	3.722	3.73618	0.809524	0.904762		84	9	21	87.5643	4.14082	4.15639	0.952381	0.809524
85	10	21	119.948	4.51829	4.53599	1	1		85	1	21	10.1402	0.846776	0.850024	0.714286	0.714286		85	2	21	20.5249	1.22792	1.23265	0.904762	0.904762		85	3	21	20.1994	1.69252	1.69885	0.952381	0.952381		85	4	21	18.5534	2.09001	2.09786	0.904762	0.904762		85	5	21	32.1175	2.47931	2.48885	0.619048	0.619048		85	6	21	56.8297	2.82011	2.83128	0.761905	0.761905		85	7	21	59.2962	3.19908	3.21161	0.714286	0.761905		85	8	21	79.0237	3.7898	3.80405	0.761905	0.857143		85	9	21	88.6997	4.15873	4.17475	0.904762	0.809524
86	10	21	127.466	4.45033	4.46804	1	0.904762		86	1	21	10.3416	0.853939	0.857156	0.714286	0.714286		86	2	21	20.5401	1.23025	1.23497	0.904762	0.904762		86	3	21	21.1669	1.70692	1.71329	0.952381	0.952381		86	4	21	20.0719	2.10643	2.1145	0.904762	0.904762		86	5	21	32.3455	2.64459	2.65429	0.619048	0.619048		86	6	21	57.3037	2.91726	2.92852	0.761905	0.714286		86	7	21	59.9521	3.27071	3.28354	0.761905	0.761905		86	8	21	79.784	3.84554	3.86024	0.761905	0.952381		86	9	21	93.5601	4.19755	4.21342	0.952381	0.857143
87	10	21	128.765	4.51893	4.53697	1	0.904762		87	1	21	10.5426	0.869726	0.873054	0.714286	0.714286		87	2	21	21.0629	1.24174	1.24669	0.904762	0.904762		87	3	21	22.1376	1.71911	1.72549	0.952381	0.952381		87	4	21	21.5944	2.1197	2.12775	0.904762	0.904762		87	5	21	32.5795	2.62816	2.63783	0.666667	0.761905		87	6	21	57.734	2.98686	2.99814	0.714286	0.809524		87	7	21	61.0837	3.24175	3.25418	0.761905	0.761905		87	8	21	80.9234	3.83932	3.85403	0.857143	0.952381		87	9	21	94.655	4.28747	4.30389	0.952381	0.904762
88	10	21	130.24	4.56349	4.58157	1	0.952381		88	1	21	10.743	0.875129	0.878428	0.714286	0.714286		88	2	21	21.087	1.25243	1.25743	0.904762	0.904762		88	3	21	23.0965	1.71009	1.71653	0.952381	1		88	4	21	21.7086	2.15132	2.15944	0.904762	0.904762		88	5	21	32.8148	2.50626	2.51595	0.666667	0.809524		88	6	21	58.3561	2.97957	2.99092	0.857143	0.809524		88	7	21	62.8245	3.22685	3.23976	0.809524	0.761905		88	8	21	81.8483	3.89793	3.91274	0.857143	0.904762		88	9	21	95.5691	4.29115	4.30758	1	0.857143
89	10	21	131.609	4.60534	4.62318	1	0.952381		89	1	21	10.944	0.903082	0.906385	0.714286	0.714286		89	2	21	21.6091	1.28335	1.28821	0.904762	0.904762		89	3	21	23.1828	1.74421	1.75071	0.952381	1		89	4	21	23.2238	2.17545	2.18363	0.952381	0.904762		89	5	21	33.4727	2.54943	2.55932	0.761905	0.809524		89	6	21	58.7018	3.05533	3.06674	0.809524	0.809524		89	7	21	63.6203	3.22864	3.24136	0.809524	0.857143		89	8	21	82.2878	3.87202	3.8869	0.904762	0.952381		89	9	21	96.5211	4.38531	4.4018	1	0.857143
90	10	21	134.192	4.7195	4.73809	1	1		90	1	21	11.1447	0.901977	0.905448	0.714286	0.714286		90	2	21	21.6298	1.28847	1.2934	0.904762	0.904762		90	3	21	24.1528	1.76803	1.77466	0.952381	1		90	4	21	24.7333	2.19843	2.20672	0.952381	0.904762		90	5	21	33.8367	2.55291	2.5628	0.761905	0.857143		90	6	21	59.1677	3.05529	3.06686	0.809524	0.857143		90	7	21	64.406	3.25715	3.27015	0.857143	0.857143		90	8	21	84.8099	4.00005	4.01517	0.952381	0.952381		90	9	21	98.3211	4.40749	4.4242	1	0.904762
91	10	21	137.18	4.7609	4.77953	1	1		91	1	21	11.3459	0.914288	0.917654	0.714286	0.714286		91	2	21	21.6754	1.30498	1.3101	0.904762	0.857143		91	3	21	25.1124	1.77335	1.78012	0.952381	0.952381		91	4	21	26.2458	2.25043	2.25883	0.952381	0.904762		91	5	21	34.0864	2.59936	2.60936	0.809524	0.857143		91	6	21	59.6944	3.09932	3.11105	0.904762	0.809524		91	7	21	65.3478	3.34796	3.36163	0.857143	0.952381		91	8	21	85.8252	3.99903	4.01414	0.952381	1		91	9	21	99.8179	4.47766	4.49449	1	0.952381
92	10	21	138.34	4.70736	4.72585	1	1		92	1	21	11.5471	0.938034	0.94178	0.761905	0.761905		92	2	21	22.1978	1.3169	1.32205	0.904762	0.857143		92	3	21	26.0788	1.81827	1.82499	0.952381	0.952381		92	4	21	27.7595	2.25379	2.26218	0.904762	0.904762		92	5	21	34.517	2.63225	2.64226	0.857143	0.904762		92	6	21	60.0591	3.11634	3.12816	0.809524	0.904762		92	7	21	66.4941	3.35243	3.36565	0.904762	0.904762		92	8	21	87.0092	4.04305	4.05831	1	1		92	9	21	105.201	4.59757	4.61454	1	0.952381
93	10	21	139.839	4.80786	4.8263	1	1		93	1	21	11.7474	0.954313	0.95778	0.761905	0.761905		93	2	21	22.3021	1.33301	1.33805	0.904762	0.904762		93	3	21	26.1922	1.82907	1.83581	0.952381	0.952381		93	4	21	29.2783	2.26914	2.27762	0.904762	0.904762		93	5	21	34.782	2.64524	2.65532	0.857143	0.904762		93	6	21	60.7604	3.16132	3.17314	0.952381	1		93	7	21	66.8962	3.42896	3.44208	0.952381	0.904762		93	8	21	88.6562	4.15748	4.17319	1	0.857143		93	9	21	106.579	4.41748	4.43468	1	0.952381
94	10	21	142.009	4.85047	4.86932	1	1		94	1	21	11.9492	0.945274	0.948757	0.761905	0.761905		94	2	21	22.8243	1.33805	1.34318	0.904762	0.857143		94	3	21	27.1717	1.83231	1.83908	0.952381	0.952381		94	4	21	29.3287	2.30285	2.31151	0.904762	0.904762		94	5	21	34.9774	2.70381	2.71399	0.904762	0.904762		94	6	21	61.8985	3.19334	3.20544	0.952381	1		94	7	21	68.2864	3.42691	3.44016	0.952381	0.952381		94	8	21	89.9115	4.13388	4.14962	1	0.904762		94	9	21	109.003	4.43497	4.4521	1	0.952381
95	10	21	143.978	4.93536	4.95451	1	1		95	1	21	12.1498	0.944619	0.948119	0.761905	0.761905		95	2	21	23.3482	1.35692	1.36222	0.904762	0.904762		95	3	21	28.1537	1.88535	1.89222	0.952381	0.952381		95	4	21	30.8343	2.3015	2.31074	0.904762	0.904762		95	5	21	35.1822	2.7114	2.72178	0.904762	0.904762		95	6	21	62.3013	3.27064	3.28286	1	1		95	7	21	69.0556	3.54321	3.55693	0.952381	0.952381		95	8	21	94.8984	4.22956	4.24524	1	0.952381		95	9	21	110.298	4.51821	4.53539	1	0.952381
96	10	21	145.942	4.94911	4.96793	1	1		96	1	21	12.3512	0.952784	0.956334	0.761905	0.761905		96	2	21	23.8738	1.36486	1.37022	0.904762	0.904762		96	3	21	29.1287	1.87144	1.87836	0.952381	0.952381		96	4	21	32.3484	2.32715	2.33579	0.904762	0.904762		96	5	21	35.3618	2.74759	2.7581	0.904762	0.952381		96	6	21	63.3427	3.36243	3.37462	1	1		96	7	21	70.464	3.4878	3.50138	0.904762	0.952381		96	8	21	96.5919	4.22048	4.23636	1	0.952381		96	9	21	111.09	4.56394	4.58194	1	1
97	10	21	147.019	4.988	5.00699	1	1		97	1	21	12.5516	0.950706	0.954182	0.761905	0.761905		97	2	21	24.3986	1.37716	1.38234	0.904762	0.904762		97	3	21	30.0913	1.91649	1.92344	0.952381	0.952381		97	4	21	33.8579	2.38619	2.39496	0.904762	0.904762		97	5	21	35.8409	2.75921	2.76975	0.904762	0.952381		97	6	21	63.703	3.31507	3.32736	1	1		97	7	21	71.9812	3.53405	3.54757	0.952381	0.904762		97	8	21	97.2765	4.29784	4.31391	1	1		97	9	21	112.837	4.60774	4.62551	1	0.952381
98	10	21	150.327	5.03436	5.05401	1	1		98	1	21	12.7521	0.967351	0.970958	0.714286	0.714286		98	2	21	24.4297	1.39056	1.39583	0.904762	0.904762		98	3	21	31.0535	1.89722	1.90434	0.952381	0.904762		98	4	21	34.0213	2.36144	2.37027	0.904762	0.904762		98	5	21	36.0121	2.80023	2.81084	0.904762	0.904762		98	6	21	64.2487	3.32013	3.33248	1	1		98	7	21	72.2804	3.59386	3.60816	0.904762	0.904762		98	8	21	98.3538	4.37274	4.38889	1	0.952381		98	9	21	115.771	4.64761	4.66529	1	0.952381
99	10	21	152.569	5.09012	5.10982	1	1		99	1	21	12.9523	0.973203	0.976819	0.714286	0.714286		99	2	21	24.4933	1.40386	1.40935	0.904762	0.904762		99	3	21	31.133	1.9344	1.94161	0.952381	0.904762		99	4	21	35.527	2.38159	2.39051	0.904762	0.904762		99	5	21	36.6618	2.84343	2.8542	0.904762	0.904762		99	6	21	67.2724	3.42166	3.43427	1	1		99	7	21	74.676	3.74501	3.75958	0.904762	0.904762		99	8	21	99.5001	4.336	4.35211	1	1		99	9	21	118.096	4.7266	4.74459	1	1
100	10	21	158.675	5.1751	5.19485	1	1		100	1	21	13.1531	0.988874	0.992543	0.714286	0.714286		100	2	21	24.5158	1.42856	1.43407	0.904762	0.904762		100	3	21	31.6815	1.94245	1.94964	0.952381	0.904762		100	4	21	37.0445	2.44661	2.45558	0.904762	0.904762		100	5	21	36.8601	2.83126	2.84186	0.904762	0.904762		100	6	21	67.5638	3.42229	3.43475	1	1		100	7	21	75.2548	3.76062	3.77542	0.904762	0.904762		100	8	21	100.924	4.36246	4.37862	1	1		100	9	21	118.881	4.71405	4.73211	1	1
